city_id,state_id,date,year,month,stray_population_estimate,vaccinations,sterilizations,adoptions,rescues,pickups,bites,accidents,complaints,budget_spent_lakhs
1,1,2023-01-01,2023,1,46054,5002,3265,259,511,336,3040,1330,1758,1.9
1,1,2023-02-01,2023,2,46293,4684,3071,229,499,336,2996,1272,1764,1.79
1,1,2023-03-01,2023,3,53594,6379,3632,287,536,348,3470,1547,2159,2.2
1,1,2023-04-01,2023,4,47772,5952,2880,277,471,274,3120,1439,1789,1.86
1,1,2023-05-01,2023,5,49263,5745,2841,270,555,381,3196,1422,1932,1.85
1,1,2023-06-01,2023,6,47741,5390,2836,289,538,331,3112,1387,1903,1.8
1,1,2023-07-01,2023,7,45830,5334,2460,272,534,294,3091,1348,1847,1.66
1,1,2023-08-01,2023,8,44537,4887,2427,269,466,317,2890,1252,1683,1.58
1,1,2023-09-01,2023,9,42571,4249,2387,277,484,300,2835,1257,1700,1.49
1,1,2023-10-01,2023,10,42983,4016,1941,259,438,278,2690,1283,1651,1.29
1,1,2023-11-01,2023,11,45609,4053,2357,224,527,343,3019,1267,1774,1.47
1,1,2023-12-01,2023,12,50588,4235,2594,286,570,385,3408,1445,1933,1.59
1,1,2024-01-01,2024,1,47662,4295,2666,290,497,292,3120,1407,1829,1.6
1,1,2024-02-01,2024,2,50441,3717,2648,250,645,430,3343,1451,1955,1.57
1,1,2024-03-01,2024,3,52508,4401,2992,320,558,373,3530,1495,1981,1.74
1,1,2024-04-01,2024,4,50980,4343,2794,238,533,322,3396,1535,1995,1.66
1,1,2024-05-01,2024,5,50820,4891,2969,222,567,384,3302,1533,1994,1.8
1,1,2024-06-01,2024,6,50288,4674,2760,211,576,385,3377,1471,2015,1.7
1,1,2024-07-01,2024,7,49735,5051,2721,217,537,358,3304,1455,1964,1.72
1,1,2024-08-01,2024,8,44217,4498,2475,178,482,348,2953,1305,1746,1.55
1,1,2024-09-01,2024,9,44247,4763,3092,183,540,361,2955,1241,1665,1.82
1,1,2024-10-01,2024,10,45268,5466,3807,194,550,327,2942,1327,1687,2.15
1,1,2024-11-01,2024,11,46233,5275,3164,174,533,347,2918,1336,1840,1.9
1,1,2024-12-01,2024,12,46376,5340,3363,171,475,325,3162,1431,1859,1.96
1,1,2025-01-01,2025,1,50030,6023,3711,189,503,302,3240,1483,1972,2.17
1,1,2025-02-01,2025,2,51012,5660,3428,245,589,419,3355,1562,1906,2.06
1,1,2025-03-01,2025,3,51033,5139,3470,253,423,307,3287,1486,1917,1.96
1,1,2025-04-01,2025,4,49564,4914,3373,245,502,327,3278,1489,1913,1.92
1,1,2025-05-01,2025,5,51359,4927,2993,258,643,423,3270,1504,2024,1.83
1,1,2025-06-01,2025,6,47608,4180,2922,212,512,344,3205,1457,1872,1.68
1,1,2025-07-01,2025,7,45744,4115,2902,210,530,355,3027,1394,1750,1.67
1,1,2025-08-01,2025,8,45046,3586,2856,246,484,333,2989,1360,1732,1.58
2,1,2023-01-01,2023,1,100871,10709,6989,564,1141,748,6728,2942,3918,4.08
2,1,2023-02-01,2023,2,105825,12157,7377,571,1150,749,6865,3046,4008,4.39
2,1,2023-03-01,2023,3,106147,12472,7082,599,1201,810,6978,3107,4189,4.34
2,1,2023-04-01,2023,4,102405,11993,6463,553,1094,721,6774,3026,3984,4.03
2,1,2023-05-01,2023,5,102344,12611,6355,569,1122,730,6608,3061,3928,4.08
2,1,2023-06-01,2023,6,97972,11498,5926,598,962,655,6366,2857,3736,3.75
2,1,2023-07-01,2023,7,94228,10848,5310,559,1019,646,6101,2719,3611,3.47
2,1,2023-08-01,2023,8,88993,9616,4637,568,893,583,5840,2649,3483,3.05
2,1,2023-09-01,2023,9,88281,9134,5022,518,949,621,5891,2608,3483,3.14
2,1,2023-10-01,2023,10,90631,9209,4756,538,1062,677,5934,2725,3477,3.09
2,1,2023-11-01,2023,11,93144,8099,4794,535,1072,715,6155,2797,3623,2.97
2,1,2023-12-01,2023,12,97689,8414,5162,502,1110,737,6551,2900,3818,3.15
2,1,2024-01-01,2024,1,102766,8439,5309,607,1057,691,6937,3064,4004,3.19
2,1,2024-02-01,2024,2,102956,8529,5342,573,1183,741,6752,3083,4034,3.25
2,1,2024-03-01,2024,3,107778,8092,6050,532,1136,739,7214,3142,4297,3.43
2,1,2024-04-01,2024,4,107804,9049,5834,545,1136,786,7143,3172,4287,3.47
2,1,2024-05-01,2024,5,104665,9170,5738,480,1112,715,6882,3087,4175,3.44
2,1,2024-06-01,2024,6,98109,9317,5524,447,1171,766,6523,2856,3901,3.41
2,1,2024-07-01,2024,7,96495,9510,5920,436,960,608,6405,2800,3734,3.5
2,1,2024-08-01,2024,8,94013,10461,5952,400,957,595,6127,2676,3702,3.63
2,1,2024-09-01,2024,9,96113,10686,6339,429,1013,630,6344,2848,3701,3.8
2,1,2024-10-01,2024,10,94400,10454,6328,369,998,647,6215,2774,3740,3.77
2,1,2024-11-01,2024,11,97483,11913,6339,442,1111,741,6377,2869,3841,3.99
2,1,2024-12-01,2024,12,101999,12222,6924,404,1155,790,6589,2905,4033,4.24
2,1,2025-01-01,2025,1,106027,12180,7899,416,1211,790,6988,3081,4032,4.59
2,1,2025-02-01,2025,2,108781,12533,7728,458,1142,754,7123,3134,4187,4.55
2,1,2025-03-01,2025,3,112109,12382,8082,465,1344,849,7447,3362,4256,4.72
2,1,2025-04-01,2025,4,106243,10594,7186,468,1108,730,7048,3080,4078,4.12
2,1,2025-05-01,2025,5,105869,10396,7049,511,1294,854,7018,3085,4129,4.11
2,1,2025-06-01,2025,6,100644,9461,6379,476,1054,688,6769,2918,4070,3.69
2,1,2025-07-01,2025,7,94253,7823,6019,503,1112,714,6264,2762,3692,3.38
2,1,2025-08-01,2025,8,93120,7793,5151,471,1053,710,6129,2750,3601,3.06
3,1,2023-01-01,2023,1,91149,9558,6154,471,1167,779,6002,2649,3524,3.65
3,1,2023-02-01,2023,2,90567,10432,5764,483,987,611,5891,2726,3484,3.56
3,1,2023-03-01,2023,3,92173,10686,5665,511,1122,713,5907,2667,3584,3.6
3,1,2023-04-01,2023,4,91558,10935,6019,509,1057,676,5972,2680,3502,3.74
3,1,2023-05-01,2023,5,89419,10559,5504,524,1074,674,5672,2544,3388,3.52
3,1,2023-06-01,2023,6,86503,10310,5200,510,927,627,5575,2613,3383,3.34
3,1,2023-07-01,2023,7,83996,9275,4785,512,939,615,5492,2504,3201,3.07
3,1,2023-08-01,2023,8,80922,9326,4317,472,926,598,5317,2334,3171,2.91
3,1,2023-09-01,2023,9,78988,8436,4102,443,905,553,5109,2378,2949,2.72
3,1,2023-10-01,2023,10,80042,7990,4155,466,844,563,5298,2291,3038,2.67
3,1,2023-11-01,2023,11,83824,7486,4258,493,818,522,5591,2552,3299,2.63
3,1,2023-12-01,2023,12,88010,7955,4723,479,1056,686,5717,2541,3393,2.93
3,1,2024-01-01,2024,1,91662,7245,4625,490,915,606,6058,2757,3535,2.77
3,1,2024-02-01,2024,2,90996,7905,4546,487,954,618,6007,2689,3672,2.83
3,1,2024-03-01,2024,3,96473,7586,4989,531,1050,660,6401,2864,3794,2.97
3,1,2024-04-01,2024,4,95385,7458,5328,444,1050,704,6369,2832,3753,3.08
3,1,2024-05-01,2024,5,92845,8348,5142,407,994,668,6153,2751,3602,3.1
3,1,2024-06-01,2024,6,88121,8180,5278,373,917,578,5830,2571,3489,3.1
3,1,2024-07-01,2024,7,84595,8412,5396,375,925,615,5578,2429,3312,3.18
3,1,2024-08-01,2024,8,82516,9236,5048,339,854,544,5371,2483,3268,3.13
3,1,2024-09-01,2024,9,81022,9082,5007,316,800,516,5226,2337,3166,3.08
3,1,2024-10-01,2024,10,81524,10259,5336,353,947,604,5253,2371,3106,3.38
3,1,2024-11-01,2024,11,84574,10475,6086,327,973,679,5461,2448,3222,3.68
3,1,2024-12-01,2024,12,90671,10609,6343,355,947,655,5918,2670,3532,3.78
3,1,2025-01-01,2025,1,92746,10680,6215,360,1036,603,6047,2748,3528,3.76
3,1,2025-02-01,2025,2,94507,11111,6661,415,1018,683,6183,2754,3676,3.97
3,1,2025-03-01,2025,3,98188,10780,6981,438,1083,690,6438,2861,3756,4.06
3,1,2025-04-01,2025,4,96919,9994,6625,418,1024,680,6363,2843,3688,3.83
3,1,2025-05-01,2025,5,94689,9664,6157,433,1107,723,6218,2827,3599,3.65
3,1,2025-06-01,2025,6,90899,8044,5688,421,1020,670,6079,2609,3511,3.26
3,1,2025-07-01,2025,7,89186,7492,5332,476,903,609,5900,2648,3526,3.04
3,1,2025-08-01,2025,8,86314,6930,4823,439,992,649,5646,2513,3367,2.82
4,2,2023-01-01,2023,1,147782,16003,10369,762,1654,1071,9811,4281,5726,6.05
4,2,2023-02-01,2023,2,149011,16632,10253,790,1789,1131,9825,4427,5779,6.12
4,2,2023-03-01,2023,3,151745,17588,9949,867,1705,1089,9893,4448,5799,6.11
4,2,2023-04-01,2023,4,153820,18736,10208,898,1608,1037,10010,4476,5927,6.31
4,2,2023-05-01,2023,5,146623,17237,9272,840,1683,1095,9494,4342,5685,5.82
4,2,2023-06-01,2023,6,141733,16814,8780,870,1547,1053,9317,4186,5450,5.56
4,2,2023-07-01,2023,7,137705,16354,8287,833,1560,1061,8955,4117,5365,5.34
4,2,2023-08-01,2023,8,132183,14321,6975,804,1447,940,8714,3815,5073,4.6
4,2,2023-09-01,2023,9,129493,13172,6687,766,1546,1005,8519,3873,5059,4.39
4,2,2023-10-01,2023,10,135712,13339,7644,793,1466,975,9037,4060,5298,4.72
4,2,2023-11-01,2023,11,135891,11762,7146,786,1408,919,9099,4071,5358,4.34
4,2,2023-12-01,2023,12,140342,11698,7002,778,1512,988,9425,4212,5439,4.31
4,2,2024-01-01,2024,1,147887,12362,7612,809,1533,1005,9921,4304,5739,4.61
4,2,2024-02-01,2024,2,153946,11743,7663,860,1566,987,10402,4491,5952,4.56
4,2,2024-03-01,2024,3,153791,12791,8264,794,1787,1155,10206,4594,6113,4.97
4,2,2024-04-01,2024,4,154319,12966,8154,750,1554,1042,10261,4512,5973,4.88
4,2,2024-05-01,2024,5,154001,13555,8566,738,1554,1011,10219,4491,6001,5.09
4,2,2024-06-01,2024,6,145696,13637,8349,649,1539,990,9616,4286,5697,5.02
4,2,2024-07-01,2024,7,140524,14345,8523,611,1681,1055,9244,4150,5498,5.21
4,2,2024-08-01,2024,8,137372,14867,8409,598,1634,1055,8981,4045,5286,5.22
4,2,2024-09-01,2024,9,136484,15650,8865,578,1599,1058,8952,3993,5318,5.47
4,2,2024-10-01,2024,10,134477,16113,8729,567,1507,1014,8888,3991,5078,5.45
4,2,2024-11-01,2024,11,141105,16813,9771,544,1719,1069,9179,4070,5450,5.95
4,2,2024-12-01,2024,12,146401,18024,10254,589,1759,1173,9557,4283,5580,6.29
4,2,2025-01-01,2025,1,153235,17619,10632,610,1783,1142,10001,4493,5956,6.37
4,2,2025-02-01,2025,2,158245,17785,11351,630,1856,1193,10284,4654,6163,6.67
4,2,2025-03-01,2025,3,158653,17127,10843,693,1761,1123,10510,4704,6161,6.38
4,2,2025-04-01,2025,4,159317,16444,10709,702,1719,1135,10508,4635,6197,6.24
4,2,2025-05-01,2025,5,155429,15002,10159,682,1616,1039,10205,4660,5942,5.84
4,2,2025-06-01,2025,6,147479,12933,9231,669,1683,1131,9790,4270,5713,5.29
4,2,2025-07-01,2025,7,145763,12153,8975,740,1561,982,9674,4315,5619,5.07
4,2,2025-08-01,2025,8,141465,11037,8037,703,1712,1129,9379,4171,5458,4.66
5,2,2023-01-01,2023,1,67911,7870,4498,328,820,544,4452,1964,2619,2.77
5,2,2023-02-01,2023,2,69361,7955,4586,377,664,407,4619,2022,2744,2.76
5,2,2023-03-01,2023,3,69280,7671,4678,401,879,574,4549,2039,2663,2.82
5,2,2023-04-01,2023,4,69294,8488,4723,380,665,400,4506,2059,2627,2.87
5,2,2023-05-01,2023,5,70987,8172,4650,415,782,513,4624,2119,2726,2.84
5,2,2023-06-01,2023,6,65759,7571,4190,386,657,430,4230,1983,2542,2.57
5,2,2023-07-01,2023,7,62452,7207,4128,367,720,455,3994,1789,2396,2.53
5,2,2023-08-01,2023,8,60714,6643,3496,362,659,412,3807,1798,2363,2.22
5,2,2023-09-01,2023,9,61221,5910,3095,374,613,386,4135,1811,2361,1.98
5,2,2023-10-01,2023,10,60781,5729,3194,362,706,504,3926,1827,2387,2.02
5,2,2023-11-01,2023,11,61719,5490,3106,378,606,382,3985,1842,2440,1.93
5,2,2023-12-01,2023,12,62164,5111,3192,323,628,449,4074,1831,2327,1.92
5,2,2024-01-01,2024,1,67037,5446,3589,352,693,437,4360,2034,2605,2.12
5,2,2024-02-01,2024,2,72462,5616,4034,400,715,489,4817,2170,2901,2.3
5,2,2024-03-01,2024,3,72167,6072,3609,374,810,519,4756,2209,2820,2.24
5,2,2024-04-01,2024,4,71456,5579,3625,377,789,498,4734,2089,2805,2.18
5,2,2024-05-01,2024,5,68191,6294,3908,349,724,479,4491,2059,2679,2.34
5,2,2024-06-01,2024,6,70072,6422,4242,320,790,520,4672,2083,2683,2.49
5,2,2024-07-01,2024,7,65111,6513,3812,260,769,505,4219,1906,2512,2.35
5,2,2024-08-01,2024,8,63659,7100,3883,266,741,496,4238,1865,2505,2.44
5,2,2024-09-01,2024,9,60276,6970,3990,249,727,497,3891,1747,2356,2.45
5,2,2024-10-01,2024,10,62707,7451,4547,258,742,500,4183,1860,2435,2.71
5,2,2024-11-01,2024,11,63837,7781,4329,255,663,464,4097,1848,2489,2.65
5,2,2024-12-01,2024,12,68191,7809,4835,296,739,463,4355,1953,2611,2.85
5,2,2025-01-01,2025,1,69211,7521,4962,286,731,464,4414,1965,2741,2.86
5,2,2025-02-01,2025,2,76395,8520,5366,345,909,607,5082,2276,2922,3.18
5,2,2025-03-01,2025,3,73414,8340,5283,297,840,531,4871,2103,2826,3.1
5,2,2025-04-01,2025,4,70034,7106,4705,336,859,536,4606,2077,2809,2.76
5,2,2025-05-01,2025,5,70449,6785,4856,313,815,532,4723,2045,2680,2.76
5,2,2025-06-01,2025,6,65720,5953,4141,300,724,498,4316,1946,2547,2.38
5,2,2025-07-01,2025,7,64094,5382,3953,307,754,470,4218,1859,2522,2.26
5,2,2025-08-01,2025,8,64328,5445,4011,327,670,417,4280,1880,2465,2.26
6,2,2023-01-01,2023,1,138040,14625,9615,702,1392,909,8963,3974,5294,5.54
6,2,2023-02-01,2023,2,140035,15946,9650,752,1455,918,9178,4054,5424,5.73
6,2,2023-03-01,2023,3,142287,16612,9255,815,1442,957,9244,4201,5469,5.67
6,2,2023-04-01,2023,4,144456,17164,9478,833,1522,1007,9343,4122,5594,5.84
6,2,2023-05-01,2023,5,133341,15685,8544,820,1391,891,8695,3888,5142,5.29
6,2,2023-06-01,2023,6,132785,15480,7958,810,1442,906,8690,3893,5111,5.08
6,2,2023-07-01,2023,7,128181,14648,7426,831,1340,834,8415,3823,4923,4.76
6,2,2023-08-01,2023,8,123530,13591,7171,764,1349,859,8100,3668,4802,4.55
6,2,2023-09-01,2023,9,121085,12759,6437,715,1264,806,8010,3560,4632,4.16
6,2,2023-10-01,2023,10,124020,11986,6495,743,1343,892,8128,3672,4807,4.12
6,2,2023-11-01,2023,11,129638,12440,6695,759,1292,875,8603,3833,5051,4.23
6,2,2023-12-01,2023,12,133971,11278,6320,757,1474,948,8991,3955,5173,4.01
6,2,2024-01-01,2024,1,140315,11588,6976,766,1423,894,9213,4170,5536,4.26
6,2,2024-02-01,2024,2,145114,11581,7592,774,1491,973,9587,4325,5642,4.5
6,2,2024-03-01,2024,3,145390,11672,7647,737,1576,1044,9734,4207,5681,4.55
6,2,2024-04-01,2024,4,141830,12092,7716,676,1700,1085,9451,4253,5521,4.66
6,2,2024-05-01,2024,5,141799,12504,7440,689,1689,1089,9345,4170,5542,4.61
6,2,2024-06-01,2024,6,136135,12911,7944,638,1422,917,9005,4078,5279,4.76
6,2,2024-07-01,2024,7,129830,13022,7998,537,1406,931,8485,3832,5081,4.79
6,2,2024-08-01,2024,8,126462,13812,7816,538,1502,981,8285,3762,4846,4.85
6,2,2024-09-01,2024,9,126390,14450,8268,541,1340,888,8207,3767,4864,5.03
6,2,2024-10-01,2024,10,126971,15531,8295,538,1500,958,8260,3662,4880,5.22
6,2,2024-11-01,2024,11,134116,15994,9226,548,1609,1037,8730,3926,5163,5.63
6,2,2024-12-01,2024,12,133261,15896,8861,542,1370,875,8679,3850,5124,5.42
6,2,2025-01-01,2025,1,142786,17214,9619,579,1670,1087,9274,4151,5518,5.94
6,2,2025-02-01,2025,2,143349,16300,10216,582,1527,1002,9232,4134,5551,5.99
6,2,2025-03-01,2025,3,145971,16068,9965,619,1539,983,9499,4251,5663,5.88
6,2,2025-04-01,2025,4,143836,14379,9653,658,1444,947,9430,4192,5589,5.54
6,2,2025-05-01,2025,5,141755,13919,9290,643,1604,1043,9365,4175,5535,5.41
6,2,2025-06-01,2025,6,137019,11701,8566,700,1367,871,9078,3983,5403,4.81
6,2,2025-07-01,2025,7,134315,11441,8069,695,1495,982,8831,3938,5306,4.65
6,2,2025-08-01,2025,8,129784,9976,7459,627,1488,958,8698,3863,5017,4.26
7,3,2023-01-01,2023,1,110591,11821,7752,532,1202,811,7311,3289,4287,4.5
7,3,2023-02-01,2023,2,117610,13223,8172,598,1206,782,7670,3399,4548,4.81
7,3,2023-03-01,2023,3,113830,12862,7137,609,1338,922,7445,3300,4415,4.45
7,3,2023-04-01,2023,4,112305,13258,7209,633,1339,872,7267,3319,4434,4.52
7,3,2023-05-01,2023,5,113038,13401,6890,663,1246,788,7406,3350,4403,4.39
7,3,2023-06-01,2023,6,106186,12492,6734,616,1256,796,6955,3129,4110,4.23
7,3,2023-07-01,2023,7,101340,11942,5790,605,1144,743,6624,2967,4008,3.8
7,3,2023-08-01,2023,8,101884,11185,5619,572,1116,702,6844,3038,4045,3.64
7,3,2023-09-01,2023,9,99605,10443,5457,601,1150,750,6479,2984,3877,3.51
7,3,2023-10-01,2023,10,101289,9327,5458,582,1032,680,6744,2949,4051,3.34
7,3,2023-11-01,2023,11,106320,9713,5639,600,1171,770,7016,3108,4145,3.49
7,3,2023-12-01,2023,12,109997,9439,5645,619,1232,816,7361,3198,4392,3.48
7,3,2024-01-01,2024,1,116449,9682,5907,658,1176,784,7780,3387,4538,3.59
7,3,2024-02-01,2024,2,119149,9662,5965,603,1205,788,8000,3526,4576,3.61
7,3,2024-03-01,2024,3,120923,9629,6382,604,1457,896,8036,3645,4762,3.83
7,3,2024-04-01,2024,4,120453,9855,6233,605,1181,761,8024,3568,4643,3.72
7,3,2024-05-01,2024,5,113303,10300,6118,533,1197,758,7555,3373,4418,3.74
7,3,2024-06-01,2024,6,114206,10926,6576,517,1275,804,7547,3402,4343,4.0
7,3,2024-07-01,2024,7,106609,10905,6584,470,1220,781,7028,3154,4115,3.98
7,3,2024-08-01,2024,8,102042,11082,6251,477,1212,781,6685,2959,3997,3.88
7,3,2024-09-01,2024,9,100800,11386,6818,428,999,632,6597,2869,3962,4.05
7,3,2024-10-01,2024,10,105810,12534,7224,451,1234,795,6880,3084,4088,4.4
7,3,2024-11-01,2024,11,110852,12965,7806,454,1254,818,7220,3204,4317,4.67
7,3,2024-12-01,2024,12,111953,13608,7737,466,1287,867,7267,3261,4301,4.73
7,3,2025-01-01,2025,1,115226,13351,7912,468,1206,808,7478,3302,4412,4.74
7,3,2025-02-01,2025,2,118799,13702,8042,524,1400,948,7805,3488,4613,4.88
7,3,2025-03-01,2025,3,122024,13554,8224,502,1266,808,8004,3584,4750,4.89
7,3,2025-04-01,2025,4,120426,12517,8488,568,1372,874,7972,3540,4699,4.89
7,3,2025-05-01,2025,5,118662,11373,7701,555,1252,810,7833,3527,4635,4.44
7,3,2025-06-01,2025,6,113735,10226,7567,540,1282,818,7503,3367,4342,4.26
7,3,2025-07-01,2025,7,107742,9450,6707,533,1202,780,7135,3256,4118,3.84
7,3,2025-08-01,2025,8,107356,8794,6422,501,1233,800,7139,3123,4059,3.68
8,3,2023-01-01,2023,1,107825,11587,7429,528,1211,774,7011,3177,4174,4.36
8,3,2023-02-01,2023,2,111739,13097,7646,616,1227,828,7289,3227,4312,4.62
8,3,2023-03-01,2023,3,113271,13171,7750,604,1209,777,7351,3301,4386,4.66
8,3,2023-04-01,2023,4,111351,13929,7233,629,1182,771,7151,3204,4299,4.56
8,3,2023-05-01,2023,5,108764,13218,7107,623,1083,704,7128,3143,4228,4.4
8,3,2023-06-01,2023,6,103211,12075,6402,614,1139,759,6767,3137,3943,4.04
8,3,2023-07-01,2023,7,101824,11567,6210,601,1071,713,6655,2942,3952,3.89
8,3,2023-08-01,2023,8,97146,9821,5464,591,1048,689,6458,2889,3720,3.41
8,3,2023-09-01,2023,9,97006,10290,5096,546,987,619,6350,2832,3758,3.31
8,3,2023-10-01,2023,10,96534,9489,4788,583,1060,700,6313,2800,3790,3.14
8,3,2023-11-01,2023,11,100759,8725,5406,550,1143,751,6634,2935,3951,3.28
8,3,2023-12-01,2023,12,107986,9359,5109,633,1213,791,7178,3150,4091,3.28
8,3,2024-01-01,2024,1,111956,9414,5767,616,1295,830,7464,3334,4334,3.54
8,3,2024-02-01,2024,2,112011,9095,5827,606,1382,887,7307,3299,4394,3.55
8,3,2024-03-01,2024,3,113955,9643,5890,594,1219,792,7604,3379,4444,3.59
8,3,2024-04-01,2024,4,113113,9680,6131,568,1240,785,7445,3320,4352,3.68
8,3,2024-05-01,2024,5,111759,10126,6077,545,1293,804,7413,3277,4356,3.73
8,3,2024-06-01,2024,6,107737,9862,5966,460,1268,842,7085,3166,4155,3.66
8,3,2024-07-01,2024,7,105758,10484,6298,460,1141,734,6992,3154,4176,3.81
8,3,2024-08-01,2024,8,98098,10419,6216,396,1037,661,6350,2883,3874,3.74
8,3,2024-09-01,2024,9,98161,11616,6170,372,1030,673,6312,2846,3736,3.86
8,3,2024-10-01,2024,10,100576,11586,6782,396,1118,746,6647,2999,3943,4.1
8,3,2024-11-01,2024,11,101469,12418,7093,375,1206,804,6608,2988,3843,4.34
8,3,2024-12-01,2024,12,110119,13122,7655,410,1215,798,7154,3246,4228,4.62
8,3,2025-01-01,2025,1,111618,13100,7875,454,1199,753,7166,3339,4376,4.69
8,3,2025-02-01,2025,2,117349,13197,8239,488,1339,864,7611,3403,4620,4.87
8,3,2025-03-01,2025,3,120127,13301,8361,516,1401,928,7887,3539,4583,4.95
8,3,2025-04-01,2025,4,118088,11795,7983,529,1312,847,7649,3474,4622,4.61
8,3,2025-05-01,2025,5,115435,11182,8009,508,1193,764,7687,3462,4444,4.5
8,3,2025-06-01,2025,6,110895,9766,7029,523,1063,683,7376,3255,4331,3.95
8,3,2025-07-01,2025,7,108044,8794,6454,521,1138,733,7190,3199,4264,3.66
8,3,2025-08-01,2025,8,101478,7901,5775,578,1124,750,6813,2967,3930,3.31
9,3,2023-01-01,2023,1,34804,3890,2148,209,344,252,2211,1003,1397,1.32
9,3,2023-02-01,2023,2,35147,3852,2577,142,320,195,2271,955,1439,1.46
9,3,2023-03-01,2023,3,35076,3375,2680,185,455,275,2310,1040,1270,1.48
9,3,2023-04-01,2023,4,32453,4047,2192,191,335,207,2091,938,1204,1.35
9,3,2023-05-01,2023,5,33010,3688,2324,177,366,220,2166,988,1294,1.37
9,3,2023-06-01,2023,6,35561,3975,2288,221,337,233,2321,1121,1369,1.38
9,3,2023-07-01,2023,7,31740,3752,1906,181,376,263,2151,949,1267,1.23
9,3,2023-08-01,2023,8,30483,3544,1513,189,364,243,1983,964,1163,1.07
9,3,2023-09-01,2023,9,29941,2876,1817,241,336,200,1821,878,1153,1.08
9,3,2023-10-01,2023,10,29930,2870,1438,188,327,154,2001,884,1202,0.94
9,3,2023-11-01,2023,11,30849,2747,1706,208,308,196,1959,903,1181,1.02
9,3,2023-12-01,2023,12,34349,3009,1782,223,308,255,2178,1085,1398,1.08
9,3,2024-01-01,2024,1,36783,2655,1975,184,359,246,2534,1039,1421,1.12
9,3,2024-02-01,2024,2,33625,3131,1631,182,422,304,2182,924,1267,1.08
9,3,2024-03-01,2024,3,34371,2883,1987,182,431,276,2331,1094,1411,1.17
9,3,2024-04-01,2024,4,34341,3045,1823,200,315,174,2355,1041,1345,1.1
9,3,2024-05-01,2024,5,34828,3467,2113,139,400,251,2370,1053,1392,1.28
9,3,2024-06-01,2024,6,33003,2605,1858,169,378,274,2253,985,1271,1.08
9,3,2024-07-01,2024,7,32578,2861,1879,175,376,256,2134,982,1313,1.12
9,3,2024-08-01,2024,8,33109,3554,2042,105,371,263,2152,1016,1230,1.25
9,3,2024-09-01,2024,9,31295,3208,1687,98,343,227,2024,957,1271,1.08
9,3,2024-10-01,2024,10,30059,3843,2056,91,295,133,1916,970,1141,1.27
9,3,2024-11-01,2024,11,32545,4231,2234,144,374,246,2170,962,1283,1.4
9,3,2024-12-01,2024,12,33425,4486,2397,126,386,249,2162,957,1315,1.49
9,3,2025-01-01,2025,1,35842,4100,2110,103,414,256,2386,1101,1399,1.35
9,3,2025-02-01,2025,2,36989,4081,2630,184,397,270,2424,1079,1361,1.53
9,3,2025-03-01,2025,3,38350,4644,2731,162,472,324,2460,1099,1446,1.66
9,3,2025-04-01,2025,4,39211,4167,2679,162,429,285,2445,1099,1554,1.57
9,3,2025-05-01,2025,5,36601,2931,2324,193,357,223,2425,1124,1301,1.27
9,3,2025-06-01,2025,6,33820,2636,2263,131,319,201,2255,1003,1296,1.2
9,3,2025-07-01,2025,7,34027,3120,1863,174,351,234,2311,1006,1318,1.13
9,3,2025-08-01,2025,8,32217,3075,1736,147,292,169,2166,867,1260,1.06
10,4,2023-01-01,2023,1,136518,14798,9504,681,1467,948,8834,3983,5334,5.54
10,4,2023-02-01,2023,2,142654,15871,9418,758,1492,966,9435,4250,5626,5.65
10,4,2023-03-01,2023,3,143214,16276,9936,773,1433,940,9355,4160,5497,5.86
10,4,2023-04-01,2023,4,140989,16953,9182,807,1463,946,9250,4117,5400,5.69
10,4,2023-05-01,2023,5,139799,16821,8722,826,1565,1023,9066,4092,5417,5.54
10,4,2023-06-01,2023,6,133546,16189,8245,789,1393,892,8695,3887,5100,5.25
10,4,2023-07-01,2023,7,128355,14635,7024,725,1477,983,8332,3857,4888,4.66
10,4,2023-08-01,2023,8,123711,13322,6685,790,1469,989,8156,3801,4684,4.38
10,4,2023-09-01,2023,9,122639,12696,6578,724,1292,864,8018,3580,4725,4.22
10,4,2023-10-01,2023,10,124018,12357,6324,739,1285,848,8225,3731,4803,4.09
10,4,2023-11-01,2023,11,129073,12002,6407,764,1394,882,8558,3835,4945,4.1
10,4,2023-12-01,2023,12,136281,11664,6934,754,1595,1032,9103,4077,5281,4.31
10,4,2024-01-01,2024,1,137757,11098,7095,750,1621,1052,9098,4017,5392,4.3
10,4,2024-02-01,2024,2,145172,11122,7352,816,1658,1112,9709,4342,5625,4.41
10,4,2024-03-01,2024,3,147575,11856,7870,736,1540,1005,9787,4315,5666,4.64
10,4,2024-04-01,2024,4,147576,12338,7519,744,1555,993,9864,4356,5818,4.58
10,4,2024-05-01,2024,5,142125,12628,7946,699,1601,1044,9462,4202,5558,4.78
10,4,2024-06-01,2024,6,134769,12415,7782,617,1526,993,8910,3956,5194,4.67
10,4,2024-07-01,2024,7,131331,12892,7996,573,1526,994,8673,3842,5091,4.81
10,4,2024-08-01,2024,8,126742,13166,7917,509,1433,957,8383,3704,4907,4.79
10,4,2024-09-01,2024,9,124041,13614,7960,532,1290,827,8064,3690,4795,4.81
10,4,2024-10-01,2024,10,125732,14899,8527,493,1266,823,8195,3704,4825,5.15
10,4,2024-11-01,2024,11,128221,15144,8888,494,1582,1033,8373,3752,4911,5.41
10,4,2024-12-01,2024,12,136354,16387,9587,541,1494,995,8930,3981,5278,5.77
10,4,2025-01-01,2025,1,141438,16440,9842,555,1565,1009,9287,4138,5426,5.89
10,4,2025-02-01,2025,2,147293,16394,10217,609,1571,1035,9719,4317,5706,6.02
10,4,2025-03-01,2025,3,147679,16495,10219,656,1725,1124,9608,4316,5722,6.08
10,4,2025-04-01,2025,4,150261,15230,10381,671,1571,1024,9850,4452,5730,5.94
10,4,2025-05-01,2025,5,141862,13734,9298,651,1664,1083,9261,4216,5485,5.41
10,4,2025-06-01,2025,6,138786,12753,9025,664,1415,914,9178,3998,5340,5.12
10,4,2025-07-01,2025,7,133520,10883,8227,661,1332,858,8841,3878,5227,4.59
10,4,2025-08-01,2025,8,129369,10310,7552,663,1379,895,8599,3789,5046,4.3
11,4,2023-01-01,2023,1,49851,4721,3959,285,574,359,3202,1409,1921,2.12
11,4,2023-02-01,2023,2,48275,5313,3276,263,495,329,3098,1366,1909,1.93
11,4,2023-03-01,2023,3,51683,6312,3866,284,554,393,3313,1532,1978,2.28
11,4,2023-04-01,2023,4,50587,5728,2961,287,586,395,3203,1525,1923,1.9
11,4,2023-05-01,2023,5,46904,5296,3134,280,547,360,2994,1394,1916,1.9
11,4,2023-06-01,2023,6,42586,5405,2444,297,513,314,2747,1313,1744,1.66
11,4,2023-07-01,2023,7,45238,5809,2609,271,471,272,2916,1339,1697,1.75
11,4,2023-08-01,2023,8,44171,4561,1818,276,477,310,2946,1359,1676,1.33
11,4,2023-09-01,2023,9,42731,4312,2094,248,449,266,2816,1307,1594,1.38
11,4,2023-10-01,2023,10,45253,4003,2474,274,441,296,2902,1400,1821,1.48
11,4,2023-11-01,2023,11,45488,4461,2446,286,589,390,2993,1323,1828,1.57
11,4,2023-12-01,2023,12,49496,4415,2058,288,519,327,3343,1492,1970,1.41
11,4,2024-01-01,2024,1,51529,4747,2747,268,517,337,3442,1511,1951,1.69
11,4,2024-02-01,2024,2,50747,4035,1932,284,563,327,3331,1460,2010,1.33
11,4,2024-03-01,2024,3,53679,4406,3092,254,626,405,3482,1534,2091,1.8
11,4,2024-04-01,2024,4,51759,4306,2962,250,490,334,3503,1521,2101,1.7
11,4,2024-05-01,2024,5,51982,4367,2729,253,602,413,3415,1536,2018,1.66
11,4,2024-06-01,2024,6,49227,4623,2459,211,535,326,3332,1559,1864,1.58
11,4,2024-07-01,2024,7,47677,4589,3082,218,547,356,3135,1396,1843,1.79
11,4,2024-08-01,2024,8,46104,4753,2591,229,507,352,3035,1373,1752,1.63
11,4,2024-09-01,2024,9,44607,5255,2968,187,517,340,2957,1312,1738,1.83
11,4,2024-10-01,2024,10,45887,5091,2788,214,495,348,2893,1386,1767,1.74
11,4,2024-11-01,2024,11,46650,5365,3262,186,511,286,3128,1276,1754,1.94
11,4,2024-12-01,2024,12,46898,5422,3346,177,478,325,2993,1376,1790,1.97
11,4,2025-01-01,2025,1,51457,5780,3623,199,563,371,3340,1494,1963,2.13
11,4,2025-02-01,2025,2,49471,5891,3790,198,572,340,3274,1452,1976,2.2
11,4,2025-03-01,2025,3,49898,5479,3494,144,549,337,3219,1452,1964,2.04
11,4,2025-04-01,2025,4,51542,4898,3716,256,550,383,3237,1469,2029,2.06
11,4,2025-05-01,2025,5,52381,4880,3054,254,581,372,3443,1605,2023,1.83
11,4,2025-06-01,2025,6,47201,4014,2832,207,492,319,3123,1417,1824,1.62
11,4,2025-07-01,2025,7,48209,3944,2883,213,471,292,3197,1434,1902,1.62
11,4,2025-08-01,2025,8,47380,3888,3020,271,431,251,3165,1365,1876,1.65
12,4,2023-01-01,2023,1,37438,3239,2133,187,437,287,2410,1169,1553,1.27
12,4,2023-02-01,2023,2,39662,4509,2460,205,475,311,2562,1198,1450,1.55
12,4,2023-03-01,2023,3,39065,4603,2562,197,468,296,2628,1134,1377,1.59
12,4,2023-04-01,2023,4,38183,4257,2394,248,425,297,2413,1098,1507,1.48
12,4,2023-05-01,2023,5,35198,5014,2043,179,408,271,2275,1015,1279,1.44
12,4,2023-06-01,2023,6,35849,4386,2069,237,362,240,2408,1066,1398,1.36
12,4,2023-07-01,2023,7,34811,3874,1976,186,401,249,2131,985,1427,1.28
12,4,2023-08-01,2023,8,31822,3413,2190,154,324,183,2010,943,1360,1.27
12,4,2023-09-01,2023,9,31166,3306,1915,173,373,256,1979,970,1222,1.18
12,4,2023-10-01,2023,10,35915,3121,1860,201,355,226,2272,1063,1399,1.13
12,4,2023-11-01,2023,11,36335,2996,1857,203,428,234,2338,1080,1379,1.14
12,4,2023-12-01,2023,12,38159,3525,1922,221,481,303,2602,1141,1561,1.24
12,4,2024-01-01,2024,1,38112,3351,1793,194,371,279,2467,1210,1550,1.14
12,4,2024-02-01,2024,2,37204,2998,1625,184,374,263,2562,1147,1446,1.04
12,4,2024-03-01,2024,3,42361,3649,2289,221,478,294,2870,1261,1639,1.38
12,4,2024-04-01,2024,4,38112,3806,2037,203,415,273,2464,1055,1506,1.3
12,4,2024-05-01,2024,5,39697,3300,2356,209,444,261,2615,1215,1593,1.35
12,4,2024-06-01,2024,6,37320,2929,2169,208,400,247,2451,1041,1415,1.23
12,4,2024-07-01,2024,7,35554,3613,2414,142,409,255,2354,1037,1401,1.4
12,4,2024-08-01,2024,8,34102,3368,2135,128,362,243,2220,1030,1295,1.26
12,4,2024-09-01,2024,9,34543,3950,2022,167,384,257,2391,1001,1297,1.3
12,4,2024-10-01,2024,10,34977,4462,2094,156,433,267,2321,1011,1365,1.4
12,4,2024-11-01,2024,11,36931,4764,2644,140,383,226,2380,1129,1415,1.61
12,4,2024-12-01,2024,12,36629,4441,2795,158,378,253,2323,1162,1430,1.63
12,4,2025-01-01,2025,1,37892,4556,2746,171,457,315,2441,1086,1477,1.65
12,4,2025-02-01,2025,2,39616,4825,3054,144,445,283,2627,1128,1475,1.78
12,4,2025-03-01,2025,3,40463,4300,2776,175,441,351,2519,1226,1559,1.63
12,4,2025-04-01,2025,4,43564,4381,2921,210,522,329,2943,1262,1715,1.7
12,4,2025-05-01,2025,5,37584,4126,2137,164,371,231,2473,1137,1447,1.35
12,4,2025-06-01,2025,6,37406,3222,2104,162,398,273,2488,1089,1451,1.24
12,4,2025-07-01,2025,7,36259,2741,1966,148,390,239,2436,1118,1395,1.13
12,4,2025-08-01,2025,8,32216,2642,2294,170,352,217,2144,878,1271,1.23
13,5,2023-01-01,2023,1,154449,16289,10963,792,1512,969,10056,4533,5916,6.25
13,5,2023-02-01,2023,2,155591,17759,10640,838,1686,1072,10136,4548,5958,6.36
13,5,2023-03-01,2023,3,160687,18607,10880,876,1661,1075,10444,4679,6208,6.54
13,5,2023-04-01,2023,4,159048,19467,10415,896,1655,1078,10257,4603,6067,6.48
13,5,2023-05-01,2023,5,153338,18540,9690,856,1801,1166,10061,4509,5851,6.16
13,5,2023-06-01,2023,6,147909,17329,8960,874,1504,982,9630,4300,5688,5.67
13,5,2023-07-01,2023,7,143277,16454,8207,881,1601,1015,9351,4227,5576,5.33
13,5,2023-08-01,2023,8,137584,14596,7946,831,1567,1004,8975,4035,5297,5.0
13,5,2023-09-01,2023,9,139382,13920,7809,849,1480,955,9214,4159,5400,4.85
13,5,2023-10-01,2023,10,140996,13229,7559,836,1460,933,9278,4146,5458,4.67
13,5,2023-11-01,2023,11,144465,12933,7258,824,1732,1156,9530,4301,5629,4.62
13,5,2023-12-01,2023,12,154411,12962,7650,871,1676,1094,10222,4603,6068,4.74
13,5,2024-01-01,2024,1,154828,12547,7810,857,1688,1111,10299,4543,5897,4.75
13,5,2024-02-01,2024,2,161487,13376,8256,850,1786,1175,10714,4802,6368,5.04
13,5,2024-03-01,2024,3,164451,13405,8406,842,1760,1121,11057,4819,6481,5.08
13,5,2024-04-01,2024,4,163228,13756,9050,793,1848,1212,10742,4802,6359,5.38
13,5,2024-05-01,2024,5,159777,14112,9244,762,1647,1074,10567,4730,6162,5.43
13,5,2024-06-01,2024,6,154379,14717,8793,733,1801,1143,10192,4558,6061,5.39
13,5,2024-07-01,2024,7,146213,14536,8903,666,1612,1049,9615,4331,5655,5.35
13,5,2024-08-01,2024,8,142319,15198,9014,579,1616,1038,9457,4202,5481,5.47
13,5,2024-09-01,2024,9,141026,15883,9407,585,1616,1016,9202,4150,5458,5.68
13,5,2024-10-01,2024,10,143374,16714,9477,630,1643,1069,9321,4162,5551,5.82
13,5,2024-11-01,2024,11,148402,17813,10283,623,1574,981,9738,4339,5847,6.21
13,5,2024-12-01,2024,12,154858,18126,10796,609,1590,1024,10195,4506,5892,6.43
13,5,2025-01-01,2025,1,157840,18810,10634,638,1810,1177,10239,4652,6076,6.53
13,5,2025-02-01,2025,2,165240,18764,11869,728,1741,1144,10604,4813,6360,6.93
13,5,2025-03-01,2025,3,167658,17726,11359,712,1724,1119,10964,4895,6414,6.62
13,5,2025-04-01,2025,4,165447,17352,11542,698,1656,1092,10783,4837,6489,6.62
13,5,2025-05-01,2025,5,163322,15124,10496,683,1851,1221,10699,4829,6349,6.05
13,5,2025-06-01,2025,6,159397,13974,9870,756,1792,1168,10534,4698,6171,5.67
13,5,2025-07-01,2025,7,150820,12761,9001,745,1668,1089,10080,4447,5921,5.19
13,5,2025-08-01,2025,8,147038,11801,8454,767,1592,1031,9803,4298,5663,4.86
14,5,2023-01-01,2023,1,92882,9798,6706,479,962,574,6097,2695,3647,3.81
14,5,2023-02-01,2023,2,98405,11462,7067,525,1040,650,6519,2838,3826,4.16
14,5,2023-03-01,2023,3,98080,10971,6454,532,1137,758,6304,2903,3725,3.92
14,5,2023-04-01,2023,4,99175,11933,6819,541,1135,717,6381,2905,3783,4.16
14,5,2023-05-01,2023,5,94751,10934,5825,560,1134,732,6251,2828,3628,3.69
14,5,2023-06-01,2023,6,91962,10408,5690,546,1100,737,6020,2623,3548,3.57
14,5,2023-07-01,2023,7,89869,9639,5142,572,1060,669,5786,2676,3533,3.27
14,5,2023-08-01,2023,8,86221,9316,4898,506,959,654,5732,2538,3396,3.12
14,5,2023-09-01,2023,9,85742,8422,4566,498,997,615,5645,2511,3321,2.91
14,5,2023-10-01,2023,10,86334,8705,4295,488,1031,667,5773,2573,3382,2.86
14,5,2023-11-01,2023,11,87031,7719,4223,508,1018,660,5795,2604,3389,2.71
14,5,2023-12-01,2023,12,95903,8430,4828,540,970,654,6405,2894,3715,3.0
14,5,2024-01-01,2024,1,100131,8037,4900,548,1070,718,6655,2896,3876,3.0
14,5,2024-02-01,2024,2,99653,8151,5079,545,1172,778,6631,2921,3943,3.11
14,5,2024-03-01,2024,3,102373,8175,5287,523,1029,675,6799,2984,4016,3.14
14,5,2024-04-01,2024,4,101449,8475,5388,530,1085,720,6685,3013,3915,3.23
14,5,2024-05-01,2024,5,97912,8557,5448,437,1151,741,6460,2917,3831,3.28
14,5,2024-06-01,2024,6,92381,8786,5463,401,963,606,6192,2741,3602,3.26
14,5,2024-07-01,2024,7,92347,10196,5751,415,966,636,5997,2700,3549,3.53
14,5,2024-08-01,2024,8,87629,9444,5825,374,1034,624,5707,2624,3387,3.48
14,5,2024-09-01,2024,9,87676,9844,6030,344,968,598,5676,2577,3411,3.58
14,5,2024-10-01,2024,10,88739,10575,5882,364,920,593,5824,2640,3422,3.61
14,5,2024-11-01,2024,11,91508,11255,5914,356,1006,632,5900,2651,3518,3.72
14,5,2024-12-01,2024,12,96602,11765,6468,374,1117,732,6213,2826,3735,4.01
14,5,2025-01-01,2025,1,100121,11512,6527,440,1135,741,6424,3010,3874,4.01
14,5,2025-02-01,2025,2,100967,11349,7393,414,1056,647,6552,2961,3999,4.27
14,5,2025-03-01,2025,3,103504,10653,7033,420,1181,767,6767,2996,4113,4.1
14,5,2025-04-01,2025,4,102426,10195,7093,435,1215,757,6608,3001,3951,4.07
14,5,2025-05-01,2025,5,100928,9341,7247,428,1156,766,6625,2913,3915,4.01
14,5,2025-06-01,2025,6,98911,9113,5975,461,1122,668,6512,2868,3870,3.52
14,5,2025-07-01,2025,7,94323,7980,5712,468,1069,685,6238,2838,3732,3.28
14,5,2025-08-01,2025,8,88487,7255,5057,453,1011,687,5925,2573,3478,2.95
15,5,2023-01-01,2023,1,112581,11857,7771,622,1106,724,7219,3307,4391,4.48
15,5,2023-02-01,2023,2,111386,12410,7216,627,1228,790,7220,3306,4268,4.38
15,5,2023-03-01,2023,3,115203,13491,7955,646,1303,835,7366,3385,4418,4.8
15,5,2023-04-01,2023,4,115809,14184,7519,655,1300,804,7517,3446,4491,4.72
15,5,2023-05-01,2023,5,112145,13351,6827,661,1198,755,7330,3346,4340,4.35
15,5,2023-06-01,2023,6,105756,12033,6552,651,1269,817,6847,3132,4042,4.12
15,5,2023-07-01,2023,7,104224,11688,5838,633,1073,714,6905,3120,4055,3.77
15,5,2023-08-01,2023,8,101457,10935,5816,580,1240,789,6662,2967,3953,3.72
15,5,2023-09-01,2023,9,98922,9975,5486,590,1043,685,6480,2948,3837,3.43
15,5,2023-10-01,2023,10,99646,9408,5088,605,1197,777,6560,2864,3884,3.27
15,5,2023-11-01,2023,11,102921,8947,5397,558,1074,711,6850,3061,4022,3.29
15,5,2023-12-01,2023,12,108929,8888,5668,606,1081,713,7326,3197,4193,3.38
15,5,2024-01-01,2024,1,115636,9036,6183,646,1272,830,7745,3405,4489,3.63
15,5,2024-02-01,2024,2,118460,9629,5822,646,1190,746,7894,3499,4699,3.55
15,5,2024-03-01,2024,3,115862,8784,6214,580,1386,909,7757,3409,4526,3.65
15,5,2024-04-01,2024,4,117151,10227,6431,596,1149,740,7852,3393,4577,3.82
15,5,2024-05-01,2024,5,115551,9853,6743,516,1204,811,7623,3433,4442,3.91
15,5,2024-06-01,2024,6,110332,10237,6327,519,1169,761,7274,3220,4291,3.8
15,5,2024-07-01,2024,7,104322,10447,6230,454,1061,685,6805,3067,4086,3.75
15,5,2024-08-01,2024,8,104854,11576,6772,435,1149,747,6845,3053,4062,4.11
15,5,2024-09-01,2024,9,104092,11744,7053,423,1158,730,6849,3117,4088,4.23
15,5,2024-10-01,2024,10,103080,11992,7013,431,1071,716,6640,3023,3966,4.22
15,5,2024-11-01,2024,11,106075,12816,7043,470,1170,742,6893,3093,4175,4.35
15,5,2024-12-01,2024,12,112746,13612,8099,438,1247,802,7303,3349,4376,4.84
15,5,2025-01-01,2025,1,115377,14169,7786,465,1237,799,7325,3416,4451,4.8
15,5,2025-02-01,2025,2,121859,14052,8824,473,1330,861,7949,3560,4724,5.18
15,5,2025-03-01,2025,3,124529,13646,8368,528,1346,863,8092,3711,4803,4.97
15,5,2025-04-01,2025,4,119523,12386,8040,509,1368,893,7760,3543,4586,4.71
15,5,2025-05-01,2025,5,115272,11194,7757,537,1333,895,7593,3371,4447,4.46
15,5,2025-06-01,2025,6,111817,9653,7229,511,1181,773,7316,3232,4342,4.05
15,5,2025-07-01,2025,7,109206,9045,6568,539,1198,790,7154,3237,4288,3.75
15,5,2025-08-01,2025,8,105250,8954,6065,557,1242,796,7006,3118,4130,3.57
16,6,2023-01-01,2023,1,52111,5165,3707,268,556,378,3415,1535,2183,2.09
16,6,2023-02-01,2023,2,51694,5304,3766,295,603,370,3404,1494,1971,2.13
16,6,2023-03-01,2023,3,54130,6720,3572,310,614,404,3475,1607,2157,2.24
16,6,2023-04-01,2023,4,52123,6413,3489,339,613,402,3333,1487,2013,2.18
16,6,2023-05-01,2023,5,51962,5989,3368,305,595,400,3407,1488,1948,2.08
16,6,2023-06-01,2023,6,51134,5651,2738,283,553,351,3370,1550,1866,1.8
16,6,2023-07-01,2023,7,48973,4950,3118,300,506,342,3281,1441,1866,1.84
16,6,2023-08-01,2023,8,47120,5262,2674,286,544,358,3110,1388,1804,1.73
16,6,2023-09-01,2023,9,45585,4835,2162,267,507,305,3042,1336,1740,1.49
16,6,2023-10-01,2023,10,48907,4454,2425,253,559,331,3254,1419,1899,1.55
16,6,2023-11-01,2023,11,50178,4226,2333,339,554,348,3372,1470,2019,1.49
16,6,2023-12-01,2023,12,49516,4245,2132,271,497,322,3390,1486,1924,1.41
16,6,2024-01-01,2024,1,48367,3810,2135,269,527,331,3205,1441,1939,1.36
16,6,2024-02-01,2024,2,55046,4928,2971,299,565,386,3704,1561,2212,1.8
16,6,2024-03-01,2024,3,52107,4917,2763,258,528,344,3422,1496,2050,1.72
16,6,2024-04-01,2024,4,57429,4499,3195,282,743,500,3736,1681,2339,1.88
16,6,2024-05-01,2024,5,52783,4107,2765,222,550,348,3575,1604,2016,1.63
16,6,2024-06-01,2024,6,57477,5351,3151,247,596,372,3803,1731,2278,1.92
16,6,2024-07-01,2024,7,49392,5226,3189,203,571,425,3277,1437,1887,1.92
16,6,2024-08-01,2024,8,49263,4943,2748,199,533,381,3233,1426,1725,1.72
16,6,2024-09-01,2024,9,47561,5327,3162,194,460,285,2996,1459,1785,1.88
16,6,2024-10-01,2024,10,47186,5537,3518,167,480,287,3123,1385,1772,2.04
16,6,2024-11-01,2024,11,49425,5641,3376,218,540,374,3141,1433,1953,2.02
16,6,2024-12-01,2024,12,53861,6822,3714,243,678,440,3574,1586,2036,2.32
16,6,2025-01-01,2025,1,52668,5570,3515,214,526,340,3511,1593,2091,2.06
16,6,2025-02-01,2025,2,55775,6025,3974,232,644,416,3717,1566,2246,2.31
16,6,2025-03-01,2025,3,54809,5545,3832,204,590,380,3559,1568,2194,2.18
16,6,2025-04-01,2025,4,54870,6163,3574,262,609,392,3497,1581,2077,2.17
16,6,2025-05-01,2025,5,54246,4864,3632,250,623,408,3536,1637,2137,2.04
16,6,2025-06-01,2025,6,52853,5214,3208,257,559,373,3514,1550,2039,1.92
16,6,2025-07-01,2025,7,51297,4201,3149,270,601,366,3363,1509,2116,1.79
16,6,2025-08-01,2025,8,49815,4521,3109,290,562,375,3351,1517,1953,1.8
17,6,2023-01-01,2023,1,141973,15241,9993,704,1489,954,9249,4158,5405,5.78
17,6,2023-02-01,2023,2,140893,15960,9856,754,1663,1081,9113,4083,5479,5.87
17,6,2023-03-01,2023,3,145275,16845,9718,829,1453,950,9394,4266,5620,5.86
17,6,2023-04-01,2023,4,144330,17030,9428,816,1439,937,9440,4173,5578,5.78
17,6,2023-05-01,2023,5,140713,17183,8953,851,1510,991,9168,4135,5401,5.65
17,6,2023-06-01,2023,6,135571,15801,8224,828,1631,1094,8742,3956,5163,5.27
17,6,2023-07-01,2023,7,130173,14796,7756,756,1572,1035,8477,3829,4995,4.97
17,6,2023-08-01,2023,8,128406,14159,7382,771,1338,920,8351,3781,4942,4.69
17,6,2023-09-01,2023,9,125348,12467,6706,759,1382,891,8359,3663,4781,4.26
17,6,2023-10-01,2023,10,125712,11896,6657,741,1234,818,8318,3708,4907,4.13
17,6,2023-11-01,2023,11,131963,12009,6381,767,1529,985,8716,3920,5103,4.14
17,6,2023-12-01,2023,12,138703,11828,7188,803,1598,1028,9347,4055,5432,4.42
17,6,2024-01-01,2024,1,141575,11523,7114,839,1398,891,9381,4278,5557,4.29
17,6,2024-02-01,2024,2,149295,11649,7448,773,1606,1006,9985,4476,5766,4.49
17,6,2024-03-01,2024,3,148766,12028,7748,755,1737,1134,9814,4425,5815,4.68
17,6,2024-04-01,2024,4,146829,12053,7359,721,1600,1058,9831,4317,5686,4.51
17,6,2024-05-01,2024,5,143497,12537,7999,696,1536,1012,9582,4229,5658,4.77
17,6,2024-06-01,2024,6,138815,13333,7957,617,1422,900,9175,4064,5366,4.81
17,6,2024-07-01,2024,7,136108,13751,8172,578,1532,1006,8961,4019,5255,4.97
17,6,2024-08-01,2024,8,132363,14006,8650,569,1436,950,8588,3932,5135,5.14
17,6,2024-09-01,2024,9,128211,14253,8499,542,1399,915,8407,3796,4947,5.11
17,6,2024-10-01,2024,10,131101,15264,8958,519,1400,895,8490,3798,5040,5.39
17,6,2024-11-01,2024,11,132019,16402,9308,513,1533,989,8633,3841,5107,5.69
17,6,2024-12-01,2024,12,139027,16472,9823,563,1489,981,9118,4176,5303,5.87
17,6,2025-01-01,2025,1,145607,17379,9897,563,1634,1078,9408,4280,5683,6.04
17,6,2025-02-01,2025,2,152462,17678,10531,639,1700,1101,9841,4431,5952,6.32
17,6,2025-03-01,2025,3,152543,16739,10654,650,1578,1009,9903,4481,5913,6.21
17,6,2025-04-01,2025,4,150943,14919,10125,678,1509,984,9899,4476,5818,5.79
17,6,2025-05-01,2025,5,146351,13855,9310,659,1707,1113,9615,4323,5692,5.44
17,6,2025-06-01,2025,6,140489,12498,9142,630,1540,1024,9244,4113,5482,5.17
17,6,2025-07-01,2025,7,135359,11251,8159,649,1581,1034,8956,3949,5262,4.68
17,6,2025-08-01,2025,8,133974,10785,7602,705,1434,932,8886,3855,5129,4.39
18,6,2023-01-01,2023,1,135011,14237,9009,730,1406,917,8895,3945,5213,5.29
18,6,2023-02-01,2023,2,135664,14811,9604,760,1584,1040,8783,3984,5301,5.62
18,6,2023-03-01,2023,3,137610,16080,9409,766,1556,1011,8995,4001,5349,5.69
18,6,2023-04-01,2023,4,136459,16527,8834,748,1589,1018,8802,3941,5275,5.55
18,6,2023-05-01,2023,5,135026,15697,8845,802,1489,917,8814,3942,5256,5.42
18,6,2023-06-01,2023,6,129416,15230,8080,798,1422,952,8441,3762,4922,5.09
18,6,2023-07-01,2023,7,124881,14195,7156,760,1269,814,8241,3641,4801,4.59
18,6,2023-08-01,2023,8,118247,12647,6848,685,1266,825,7757,3425,4636,4.3
18,6,2023-09-01,2023,9,122682,12545,5963,762,1428,968,8189,3626,4827,4.03
18,6,2023-10-01,2023,10,120824,11727,6477,729,1317,851,8027,3534,4731,4.07
18,6,2023-11-01,2023,11,125499,11471,6643,716,1395,912,8312,3710,4895,4.12
18,6,2023-12-01,2023,12,130243,11093,6731,715,1422,967,8690,3856,5084,4.12
18,6,2024-01-01,2024,1,135223,10987,6376,769,1580,1023,8909,3986,5277,4.03
18,6,2024-02-01,2024,2,139661,10975,7222,765,1573,975,9203,4090,5463,4.32
18,6,2024-03-01,2024,3,144548,11469,7299,738,1523,981,9688,4244,5683,4.39
18,6,2024-04-01,2024,4,139144,11381,7367,689,1653,1072,9170,4054,5481,4.44
18,6,2024-05-01,2024,5,138699,12156,7591,680,1547,1020,9056,4120,5430,4.58
18,6,2024-06-01,2024,6,130414,11831,7286,575,1441,952,8559,3871,5152,4.41
18,6,2024-07-01,2024,7,126792,12909,7481,578,1461,964,8435,3736,4900,4.61
18,6,2024-08-01,2024,8,121496,13390,7606,527,1291,851,7964,3548,4731,4.66
18,6,2024-09-01,2024,9,122082,13483,7844,521,1326,819,7879,3579,4770,4.76
18,6,2024-10-01,2024,10,125832,14667,8436,499,1366,875,8080,3666,4787,5.12
18,6,2024-11-01,2024,11,128188,15579,8760,514,1318,856,8191,3784,5065,5.33
18,6,2024-12-01,2024,12,134023,15965,9645,535,1420,883,8736,3963,5161,5.72
18,6,2025-01-01,2025,1,139864,17088,9740,561,1604,1048,9052,4054,5329,5.94
18,6,2025-02-01,2025,2,142956,16711,9964,572,1653,1060,9304,4158,5544,5.99
18,6,2025-03-01,2025,3,145413,15996,10340,617,1475,961,9562,4360,5574,5.98
18,6,2025-04-01,2025,4,143359,14850,9736,609,1521,977,9322,4232,5597,5.65
18,6,2025-05-01,2025,5,140798,14200,9476,620,1481,1003,9248,4129,5517,5.47
18,6,2025-06-01,2025,6,133549,11616,8540,614,1605,1065,8798,3963,5176,4.87
18,6,2025-07-01,2025,7,129198,11499,7557,616,1533,970,8499,3685,4935,4.49
18,6,2025-08-01,2025,8,126183,10099,7261,661,1490,938,8365,3734,4916,4.2
19,7,2023-01-01,2023,1,91368,9887,6378,452,917,570,5881,2727,3511,3.69
19,7,2023-02-01,2023,2,94105,10594,6122,513,1016,652,6164,2767,3609,3.72
19,7,2023-03-01,2023,3,96437,11172,6459,536,1051,702,6250,2814,3619,3.92
19,7,2023-04-01,2023,4,95182,11136,6604,545,974,635,6204,2775,3666,3.94
19,7,2023-05-01,2023,5,92865,11231,5821,550,1113,708,5932,2710,3665,3.72
19,7,2023-06-01,2023,6,88041,10270,5101,478,929,596,5758,2603,3395,3.3
19,7,2023-07-01,2023,7,84989,9942,4990,502,934,607,5557,2513,3230,3.22
19,7,2023-08-01,2023,8,80913,8300,4591,477,832,536,5248,2380,3023,2.85
19,7,2023-09-01,2023,9,80963,8426,4017,473,937,589,5385,2389,3163,2.7
19,7,2023-10-01,2023,10,81332,7855,4164,493,850,556,5280,2511,3139,2.66
19,7,2023-11-01,2023,11,85371,7496,4176,507,965,602,5646,2520,3359,2.65
19,7,2023-12-01,2023,12,88975,7687,4877,502,1030,635,6069,2524,3450,2.94
19,7,2024-01-01,2024,1,96561,7783,4799,541,1066,698,6414,2869,3736,2.94
19,7,2024-02-01,2024,2,96256,7579,5237,537,1059,694,6398,2741,3694,3.06
19,7,2024-03-01,2024,3,98210,8139,4930,510,1027,642,6572,2864,3839,3.01
19,7,2024-04-01,2024,4,96591,8098,5217,455,1020,668,6525,2807,3678,3.11
19,7,2024-05-01,2024,5,94987,8600,5410,486,989,612,6247,2809,3636,3.22
19,7,2024-06-01,2024,6,87871,8512,4977,459,902,617,5742,2611,3367,3.04
19,7,2024-07-01,2024,7,86232,7971,5048,373,953,608,5769,2523,3263,3.01
19,7,2024-08-01,2024,8,84176,8850,5149,344,937,644,5442,2522,3285,3.15
19,7,2024-09-01,2024,9,85433,9285,5582,332,949,602,5500,2448,3389,3.35
19,7,2024-10-01,2024,10,84151,9195,5575,336,925,632,5569,2453,3315,3.34
19,7,2024-11-01,2024,11,89792,10583,5661,365,982,634,5918,2601,3445,3.55
19,7,2024-12-01,2024,12,87762,11014,5928,361,980,616,5687,2577,3295,3.69
19,7,2025-01-01,2025,1,97612,11556,6752,404,1144,708,6360,2886,3769,4.09
19,7,2025-02-01,2025,2,97578,11301,6840,425,1043,667,6399,2831,3759,4.06
19,7,2025-03-01,2025,3,104387,11382,7027,467,1209,785,6958,3008,4077,4.19
19,7,2025-04-01,2025,4,96928,10017,6713,411,1082,690,6275,2823,3763,3.88
19,7,2025-05-01,2025,5,97765,9149,6472,445,1044,679,6562,2835,3906,3.68
19,7,2025-06-01,2025,6,91103,8529,5807,447,968,621,6005,2747,3536,3.35
19,7,2025-07-01,2025,7,87861,7442,5421,407,1011,696,5847,2541,3506,3.1
19,7,2025-08-01,2025,8,87628,7581,5016,432,911,567,5836,2608,3461,2.94
20,7,2023-01-01,2023,1,102097,11186,7202,541,1213,786,6742,3016,3932,4.23
20,7,2023-02-01,2023,2,108068,12177,7357,569,1246,802,7131,3123,4126,4.41
20,7,2023-03-01,2023,3,106113,12329,7037,592,1201,794,6925,3065,4066,4.31
20,7,2023-04-01,2023,4,108577,12954,6892,641,1111,732,7084,3226,4213,4.3
20,7,2023-05-01,2023,5,103789,12422,6403,616,1236,801,6794,3007,3944,4.1
20,7,2023-06-01,2023,6,100181,12068,6184,623,1022,679,6527,2956,3864,3.92
20,7,2023-07-01,2023,7,94784,10575,5810,609,1034,682,6201,2801,3608,3.62
20,7,2023-08-01,2023,8,96084,10293,5450,580,1014,668,6380,2822,3705,3.45
20,7,2023-09-01,2023,9,91828,9530,4945,538,1027,653,6109,2705,3547,3.18
20,7,2023-10-01,2023,10,91114,8945,4411,522,1040,678,6013,2665,3574,2.93
20,7,2023-11-01,2023,11,96911,8531,4853,599,1078,736,6362,2865,3825,3.05
20,7,2023-12-01,2023,12,101512,8261,5141,559,1190,752,6719,2991,3953,3.15
20,7,2024-01-01,2024,1,109640,9169,5537,606,1219,792,7291,3239,4236,3.41
20,7,2024-02-01,2024,2,109313,8902,5622,556,1232,827,7246,3254,4300,3.41
20,7,2024-03-01,2024,3,109471,9321,5706,574,1116,725,7322,3196,4187,3.45
20,7,2024-04-01,2024,4,110959,9001,6252,561,1159,740,7312,3288,4372,3.62
20,7,2024-05-01,2024,5,109355,9511,5873,488,1311,888,7152,3203,4290,3.6
20,7,2024-06-01,2024,6,100515,8644,5557,480,1076,702,6631,2968,3940,3.31
20,7,2024-07-01,2024,7,101273,10330,6341,448,1193,779,6574,2915,3843,3.82
20,7,2024-08-01,2024,8,95421,10265,5888,382,1145,734,6247,2853,3621,3.64
20,7,2024-09-01,2024,9,93896,10742,6293,397,943,617,6169,2755,3689,3.78
20,7,2024-10-01,2024,10,94537,11612,6144,378,1028,641,6148,2764,3557,3.85
20,7,2024-11-01,2024,11,98931,11452,7062,406,1168,731,6344,2838,3802,4.2
20,7,2024-12-01,2024,12,100988,11981,7075,460,1126,745,6524,3016,3894,4.26
20,7,2025-01-01,2025,1,109914,13023,7623,440,1283,799,7148,3219,4251,4.62
20,7,2025-02-01,2025,2,108911,12714,7462,445,1147,766,7026,3151,4232,4.49
20,7,2025-03-01,2025,3,111915,12604,7907,504,1251,821,7142,3246,4339,4.66
20,7,2025-04-01,2025,4,111636,11352,7514,508,1096,702,7277,3283,4342,4.32
20,7,2025-05-01,2025,5,108777,10198,7082,477,1363,861,7217,3174,4210,4.11
20,7,2025-06-01,2025,6,106832,9824,6917,520,1170,758,7083,3141,4145,3.95
20,7,2025-07-01,2025,7,99280,7832,6152,512,1086,695,6560,2835,3867,3.42
20,7,2025-08-01,2025,8,99235,7780,5887,519,1120,742,6627,2920,3807,3.33
21,7,2023-01-01,2023,1,42127,4826,2546,238,510,345,2688,1321,1587,1.63
21,7,2023-02-01,2023,2,40287,4481,3079,200,541,377,2698,1177,1538,1.78
21,7,2023-03-01,2023,3,41685,4446,2702,244,444,292,2797,1172,1649,1.61
21,7,2023-04-01,2023,4,41731,4900,2631,230,526,338,2665,1221,1603,1.67
21,7,2023-05-01,2023,5,41061,4946,2506,265,434,281,2580,1290,1624,1.6
21,7,2023-06-01,2023,6,39000,4429,1974,196,479,325,2611,1195,1481,1.37
21,7,2023-07-01,2023,7,40094,5125,2284,193,415,277,2579,1192,1508,1.54
21,7,2023-08-01,2023,8,37133,4682,1796,223,451,290,2546,1038,1403,1.33
21,7,2023-09-01,2023,9,37228,4208,1994,193,427,297,2533,1058,1525,1.33
21,7,2023-10-01,2023,10,35681,3231,1750,174,409,275,2385,1020,1370,1.12
21,7,2023-11-01,2023,11,39090,3918,1967,233,439,272,2540,1154,1543,1.29
21,7,2023-12-01,2023,12,39436,3636,2247,233,391,237,2635,1151,1476,1.34
21,7,2024-01-01,2024,1,43617,3592,2073,250,455,249,2803,1279,1650,1.29
21,7,2024-02-01,2024,2,42382,3244,2116,213,495,319,2857,1271,1561,1.28
21,7,2024-03-01,2024,3,41359,3613,2298,194,403,280,2705,1219,1647,1.36
21,7,2024-04-01,2024,4,42597,3076,2069,200,415,272,2777,1297,1632,1.22
21,7,2024-05-01,2024,5,41417,3281,2266,208,452,287,2733,1213,1600,1.32
21,7,2024-06-01,2024,6,39937,3149,2510,239,433,287,2713,1136,1547,1.39
21,7,2024-07-01,2024,7,39948,3426,2234,168,403,244,2656,1232,1545,1.31
21,7,2024-08-01,2024,8,38081,4639,2479,172,429,271,2536,1164,1464,1.55
21,7,2024-09-01,2024,9,39271,4080,2645,134,426,277,2680,1135,1552,1.54
21,7,2024-10-01,2024,10,38252,4659,2426,180,388,238,2443,1111,1481,1.52
21,7,2024-11-01,2024,11,41746,5038,2323,174,477,320,2620,1221,1667,1.56
21,7,2024-12-01,2024,12,40936,4768,2889,175,458,314,2757,1249,1545,1.72
21,7,2025-01-01,2025,1,41211,5061,2781,146,348,240,2749,1146,1666,1.69
21,7,2025-02-01,2025,2,43313,5111,3106,156,492,342,2799,1212,1665,1.85
21,7,2025-03-01,2025,3,45474,5342,3073,219,547,367,2957,1213,1700,1.88
21,7,2025-04-01,2025,4,44863,4179,3074,206,515,357,3082,1296,1752,1.73
21,7,2025-05-01,2025,5,42050,3701,2812,154,436,304,2751,1218,1612,1.56
21,7,2025-06-01,2025,6,37109,3214,2664,185,417,258,2434,1039,1519,1.44
21,7,2025-07-01,2025,7,37047,3518,2160,170,428,269,2284,1109,1389,1.31
21,7,2025-08-01,2025,8,39644,3348,2319,222,352,248,2581,1174,1579,1.32
22,8,2023-01-01,2023,1,62165,6368,4231,346,666,428,4086,1864,2387,2.45
22,8,2023-02-01,2023,2,67807,6981,4726,358,721,459,4401,2042,2741,2.71
22,8,2023-03-01,2023,3,66664,8041,4346,388,678,458,4332,1933,2517,2.69
22,8,2023-04-01,2023,4,68195,8176,4423,391,697,434,4347,2024,2589,2.74
22,8,2023-05-01,2023,5,65102,8044,4186,384,745,501,4270,1894,2531,2.66
22,8,2023-06-01,2023,6,64000,7624,4205,388,656,449,4221,1815,2515,2.59
22,8,2023-07-01,2023,7,62210,7156,3553,350,677,447,4012,1828,2401,2.31
22,8,2023-08-01,2023,8,57443,6148,3347,328,535,358,3897,1732,2234,2.07
22,8,2023-09-01,2023,9,59205,6290,3118,336,740,465,3884,1724,2163,2.07
22,8,2023-10-01,2023,10,56495,5422,2686,346,610,409,3853,1663,2076,1.78
22,8,2023-11-01,2023,11,60945,5510,3049,337,624,426,4054,1775,2329,1.92
22,8,2023-12-01,2023,12,63862,4908,3395,372,762,498,4248,1896,2496,2.01
22,8,2024-01-01,2024,1,63683,4909,3351,327,670,415,4300,1876,2446,1.96
22,8,2024-02-01,2024,2,66756,5319,3500,346,689,433,4514,1916,2558,2.07
22,8,2024-03-01,2024,3,67789,5215,3439,354,788,525,4605,1966,2627,2.07
22,8,2024-04-01,2024,4,70209,5506,3413,346,804,518,4686,2075,2857,2.1
22,8,2024-05-01,2024,5,66194,5604,3598,293,756,535,4284,1941,2621,2.16
22,8,2024-06-01,2024,6,64071,6119,3717,313,756,441,4151,1852,2431,2.26
22,8,2024-07-01,2024,7,61968,6180,3821,272,739,454,4080,1861,2405,2.3
22,8,2024-08-01,2024,8,57352,6547,3154,239,698,432,3764,1717,2302,2.1
22,8,2024-09-01,2024,9,57530,6508,3553,183,694,449,3753,1708,2222,2.23
22,8,2024-10-01,2024,10,59889,7916,4178,294,616,419,3920,1746,2287,2.6
22,8,2024-11-01,2024,11,60687,7779,3894,264,667,430,3938,1757,2325,2.5
22,8,2024-12-01,2024,12,65755,7250,4464,288,759,510,4318,1937,2563,2.66
22,8,2025-01-01,2025,1,68135,7657,5134,276,814,539,4465,2010,2620,2.96
22,8,2025-02-01,2025,2,70703,8360,5120,321,770,492,4542,2143,2746,3.03
22,8,2025-03-01,2025,3,70751,7661,4844,262,765,478,4566,2042,2713,2.84
22,8,2025-04-01,2025,4,68385,7372,4741,314,779,516,4425,2029,2676,2.78
22,8,2025-05-01,2025,5,65953,6103,4618,285,698,464,4360,1907,2603,2.56
22,8,2025-06-01,2025,6,63047,5699,3664,286,697,441,4109,1905,2437,2.18
22,8,2025-07-01,2025,7,61793,5568,3657,323,589,387,3954,1813,2401,2.13
22,8,2025-08-01,2025,8,60859,5632,3596,283,577,362,3797,1792,2390,2.11
23,8,2023-01-01,2023,1,140039,14794,10077,734,1482,947,9066,4118,5377,5.75
23,8,2023-02-01,2023,2,145981,16434,9959,776,1674,1061,9501,4203,5673,5.96
23,8,2023-03-01,2023,3,146316,17219,9486,787,1627,1032,9604,4301,5620,5.88
23,8,2023-04-01,2023,4,147889,17941,9543,833,1602,1014,9611,4342,5702,5.97
23,8,2023-05-01,2023,5,142605,16884,8772,832,1692,1097,9299,4264,5433,5.61
23,8,2023-06-01,2023,6,135907,16252,8151,817,1570,1011,8836,4015,5334,5.28
23,8,2023-07-01,2023,7,134169,15620,7757,799,1552,1010,8780,3963,5158,5.06
23,8,2023-08-01,2023,8,129594,14111,7101,753,1386,868,8525,3804,5053,4.59
23,8,2023-09-01,2023,9,126101,12967,6782,767,1329,885,8245,3714,4883,4.33
23,8,2023-10-01,2023,10,128964,12197,6771,757,1306,868,8615,3827,5034,4.23
23,8,2023-11-01,2023,11,135847,12228,6813,808,1436,940,8972,4000,5276,4.29
23,8,2023-12-01,2023,12,138304,11790,6846,811,1629,1074,9170,4052,5360,4.3
23,8,2024-01-01,2024,1,145660,11709,7298,808,1502,947,9677,4327,5722,4.41
23,8,2024-02-01,2024,2,149633,12315,7449,808,1657,1051,9964,4470,5822,4.58
23,8,2024-03-01,2024,3,153837,12593,7660,822,1635,1035,10184,4593,6055,4.68
23,8,2024-04-01,2024,4,148633,12676,8092,778,1570,1059,9912,4398,5799,4.83
23,8,2024-05-01,2024,5,149106,13001,8403,744,1661,1096,9953,4365,5812,5.0
23,8,2024-06-01,2024,6,141260,13741,8675,621,1436,960,9424,4129,5514,5.12
23,8,2024-07-01,2024,7,132835,13643,8224,595,1330,854,8729,3903,5203,4.92
23,8,2024-08-01,2024,8,133098,14018,8199,557,1470,983,8812,3835,5202,5.0
23,8,2024-09-01,2024,9,127334,13891,8649,507,1316,836,8365,3706,4909,5.09
23,8,2024-10-01,2024,10,129807,15270,8760,538,1492,981,8488,3837,4970,5.35
23,8,2024-11-01,2024,11,135437,16445,9254,554,1589,1043,8697,3982,5182,5.69
23,8,2024-12-01,2024,12,143399,16994,9987,577,1658,1069,9367,4233,5614,6.03
23,8,2025-01-01,2025,1,149701,17733,10401,602,1556,1042,9754,4381,5724,6.24
23,8,2025-02-01,2025,2,152819,17015,10677,625,1628,1037,9955,4365,5953,6.27
23,8,2025-03-01,2025,3,153546,16835,10607,640,1759,1116,9961,4435,5956,6.26
23,8,2025-04-01,2025,4,150340,15403,10267,691,1808,1198,9870,4342,5884,5.99
23,8,2025-05-01,2025,5,150112,13837,9835,709,1755,1118,9885,4500,5880,5.63
23,8,2025-06-01,2025,6,146624,12847,9308,701,1537,1019,9759,4324,5641,5.27
23,8,2025-07-01,2025,7,136643,11693,8119,656,1484,922,9011,3946,5324,4.69
23,8,2025-08-01,2025,8,135112,10834,7785,682,1557,1035,9059,4041,5387,4.5
24,8,2023-01-01,2023,1,123304,13141,8209,611,1296,851,8135,3655,4821,4.84
24,8,2023-02-01,2023,2,127813,14435,8707,690,1430,978,8334,3773,4910,5.22
24,8,2023-03-01,2023,3,131717,15391,8944,760,1546,1022,8575,3879,4983,5.45
24,8,2023-04-01,2023,4,131357,15833,8534,747,1568,1017,8635,3827,5011,5.36
24,8,2023-05-01,2023,5,124343,15140,7697,753,1247,832,8039,3609,4854,4.89
24,8,2023-06-01,2023,6,121525,14341,7755,720,1350,869,7883,3529,4695,4.84
24,8,2023-07-01,2023,7,114110,12743,6500,705,1211,826,7439,3352,4357,4.17
24,8,2023-08-01,2023,8,112159,12586,6361,672,1181,728,7319,3270,4346,4.09
24,8,2023-09-01,2023,9,109300,11700,5685,677,1143,744,7188,3216,4192,3.74
24,8,2023-10-01,2023,10,112754,11056,6156,659,1213,816,7614,3350,4495,3.85
24,8,2023-11-01,2023,11,116620,10583,5911,642,1413,903,7729,3422,4507,3.76
24,8,2023-12-01,2023,12,122110,9974,5954,719,1282,856,8074,3608,4739,3.67
24,8,2024-01-01,2024,1,128405,10713,6489,703,1403,923,8519,3762,4952,3.98
24,8,2024-02-01,2024,2,131666,10434,6971,686,1417,882,8776,3882,5121,4.12
24,8,2024-03-01,2024,3,132519,11302,6956,693,1351,888,8852,3939,5148,4.2
24,8,2024-04-01,2024,4,131444,11070,6986,653,1591,997,8650,3859,5127,4.25
24,8,2024-05-01,2024,5,129507,11495,7268,641,1521,1002,8511,3851,5030,4.38
24,8,2024-06-01,2024,6,120188,11536,6509,542,1282,828,7983,3504,4668,4.05
24,8,2024-07-01,2024,7,117435,11858,6863,535,1279,803,7696,3397,4530,4.21
24,8,2024-08-01,2024,8,114940,11985,7228,510,1198,791,7495,3373,4378,4.33
24,8,2024-09-01,2024,9,116241,13989,7587,495,1314,849,7558,3382,4528,4.73
24,8,2024-10-01,2024,10,116890,13837,7923,485,1209,801,7545,3385,4464,4.8
24,8,2024-11-01,2024,11,118062,13721,7979,472,1380,876,7764,3440,4462,4.85
24,8,2024-12-01,2024,12,124722,15042,8622,485,1422,958,8032,3706,4803,5.25
24,8,2025-01-01,2025,1,126028,14897,9204,502,1472,957,8228,3721,4786,5.45
24,8,2025-02-01,2025,2,129876,14736,8986,544,1387,903,8303,3799,5104,5.33
24,8,2025-03-01,2025,3,136015,14752,9242,530,1338,853,8940,3994,5202,5.41
24,8,2025-04-01,2025,4,133891,13910,9338,582,1490,936,8625,3950,5237,5.38
24,8,2025-05-01,2025,5,130647,12574,8566,576,1533,1036,8632,3822,5132,4.97
24,8,2025-06-01,2025,6,124265,10699,7960,560,1320,857,8174,3635,4872,4.47
24,8,2025-07-01,2025,7,122000,10680,7658,609,1303,851,8069,3630,4767,4.36
24,8,2025-08-01,2025,8,116642,8777,6956,619,1328,858,7841,3429,4516,3.89
25,9,2023-01-01,2023,1,89590,9241,6510,447,904,582,5835,2618,3499,3.66
25,9,2023-02-01,2023,2,89587,10072,6008,513,1006,674,5759,2615,3509,3.62
25,9,2023-03-01,2023,3,94613,11084,6357,495,995,623,6135,2770,3708,3.85
25,9,2023-04-01,2023,4,88378,10244,5984,472,949,622,5747,2620,3480,3.61
25,9,2023-05-01,2023,5,87098,10321,5595,526,915,582,5701,2607,3381,3.47
25,9,2023-06-01,2023,6,86904,10072,5330,490,942,612,5695,2475,3386,3.36
25,9,2023-07-01,2023,7,85635,9740,4944,526,990,624,5511,2505,3353,3.2
25,9,2023-08-01,2023,8,80785,8780,4386,447,942,649,5422,2386,3078,2.88
25,9,2023-09-01,2023,9,78012,7953,4711,473,890,567,5071,2198,2974,2.87
25,9,2023-10-01,2023,10,80250,7335,4398,459,966,619,5248,2365,3056,2.71
25,9,2023-11-01,2023,11,83480,7082,4361,490,918,577,5611,2445,3230,2.65
25,9,2023-12-01,2023,12,89857,7604,4267,513,1021,680,5979,2608,3466,2.72
25,9,2024-01-01,2024,1,90039,7040,4926,527,872,561,5974,2632,3560,2.83
25,9,2024-02-01,2024,2,95258,7646,5178,480,1147,746,6256,2713,3782,3.08
25,9,2024-03-01,2024,3,92728,7889,5033,504,1112,728,6213,2777,3581,3.04
25,9,2024-04-01,2024,4,93904,7791,4991,467,1097,703,6315,2801,3716,3.01
25,9,2024-05-01,2024,5,91191,7544,4952,448,956,619,6175,2618,3562,2.93
25,9,2024-06-01,2024,6,87417,8228,4952,423,920,586,5801,2631,3397,3.0
25,9,2024-07-01,2024,7,85786,8784,5140,386,903,574,5595,2520,3349,3.12
25,9,2024-08-01,2024,8,79668,8241,4834,333,839,535,5221,2344,3075,2.93
25,9,2024-09-01,2024,9,82011,9417,5340,330,904,591,5404,2403,3223,3.27
25,9,2024-10-01,2024,10,84103,9371,5392,355,1041,703,5463,2516,3230,3.33
25,9,2024-11-01,2024,11,86196,10600,6029,355,927,583,5607,2523,3375,3.66
25,9,2024-12-01,2024,12,88456,10091,5905,392,1078,699,5821,2647,3406,3.6
25,9,2025-01-01,2025,1,94316,10876,6733,362,1036,687,6096,2654,3636,3.98
25,9,2025-02-01,2025,2,96954,11404,6822,409,1013,647,6256,2897,3700,4.06
25,9,2025-03-01,2025,3,94621,10322,6648,415,1098,702,6207,2790,3642,3.9
25,9,2025-04-01,2025,4,98330,9265,6492,425,1189,795,6489,2914,3729,3.74
25,9,2025-05-01,2025,5,93299,9371,6035,409,1132,736,6114,2755,3526,3.58
25,9,2025-06-01,2025,6,89538,7597,5814,459,1048,682,5880,2669,3506,3.26
25,9,2025-07-01,2025,7,88637,7311,5265,439,1001,649,5916,2563,3447,3.02
25,9,2025-08-01,2025,8,85508,7155,5030,394,1004,665,5557,2491,3377,2.92
26,9,2023-01-01,2023,1,118810,12778,8405,647,1198,779,7689,3529,4611,4.84
26,9,2023-02-01,2023,2,121655,13638,8610,625,1319,895,7947,3523,4667,5.05
26,9,2023-03-01,2023,3,123230,14551,8272,655,1381,915,8010,3638,4760,5.06
26,9,2023-04-01,2023,4,122015,14501,8025,686,1333,863,8012,3614,4727,4.95
26,9,2023-05-01,2023,5,118183,14125,7619,710,1307,810,7696,3420,4649,4.75
26,9,2023-06-01,2023,6,117134,13871,7194,691,1180,774,7576,3480,4451,4.54
26,9,2023-07-01,2023,7,110296,12095,6434,665,1341,889,7184,3246,4322,4.11
26,9,2023-08-01,2023,8,104871,11139,5839,624,1181,768,6870,3162,4004,3.74
26,9,2023-09-01,2023,9,104472,10579,5959,629,1116,732,6926,3011,4037,3.69
26,9,2023-10-01,2023,10,108342,10345,5504,641,1187,753,7069,3215,4274,3.52
26,9,2023-11-01,2023,11,110427,10371,5611,638,1127,740,7259,3213,4226,3.55
26,9,2023-12-01,2023,12,115951,9814,5902,640,1189,766,7844,3447,4391,3.6
26,9,2024-01-01,2024,1,120709,9385,6149,624,1351,879,8175,3490,4738,3.69
26,9,2024-02-01,2024,2,124117,10174,6048,668,1484,960,8326,3718,4852,3.79
26,9,2024-03-01,2024,3,123928,9926,6389,618,1339,866,8234,3674,4885,3.83
26,9,2024-04-01,2024,4,124357,10554,6600,607,1289,836,8264,3670,4781,3.97
26,9,2024-05-01,2024,5,120558,9638,7310,556,1238,813,7885,3538,4652,4.09
26,9,2024-06-01,2024,6,117985,11302,6318,538,1271,825,7856,3470,4563,3.95
26,9,2024-07-01,2024,7,112644,10913,7017,489,1239,825,7533,3237,4273,4.14
26,9,2024-08-01,2024,8,106096,11541,6607,432,1068,698,6946,3107,4205,4.02
26,9,2024-09-01,2024,9,108446,12013,6826,463,1199,805,7121,3175,4250,4.19
26,9,2024-10-01,2024,10,111301,13306,6781,459,1338,852,7257,3347,4318,4.37
26,9,2024-11-01,2024,11,112180,13126,7794,442,1302,810,7437,3327,4410,4.69
26,9,2024-12-01,2024,12,116783,14390,7776,454,1455,944,7573,3399,4484,4.89
26,9,2025-01-01,2025,1,121608,14072,8089,492,1359,893,7930,3551,4708,4.93
26,9,2025-02-01,2025,2,127068,14105,9011,509,1321,848,8401,3726,4905,5.24
26,9,2025-03-01,2025,3,129559,14384,9075,566,1427,935,8425,3800,4982,5.33
26,9,2025-04-01,2025,4,129859,13220,8788,583,1591,1040,8469,3828,5041,5.14
26,9,2025-05-01,2025,5,124872,11743,8240,585,1352,895,8259,3616,4861,4.7
26,9,2025-06-01,2025,6,118725,10394,7707,547,1350,874,7743,3457,4654,4.35
26,9,2025-07-01,2025,7,117810,9296,7458,572,1279,795,7796,3436,4646,4.11
26,9,2025-08-01,2025,8,112796,8672,6848,572,1158,740,7455,3353,4482,3.79
27,9,2023-01-01,2023,1,66371,6842,4596,362,729,460,4396,2052,2551,2.65
27,9,2023-02-01,2023,2,68183,7584,4944,351,760,524,4418,2040,2716,2.87
27,9,2023-03-01,2023,3,69653,8061,4040,393,795,530,4551,2103,2692,2.62
27,9,2023-04-01,2023,4,68954,7931,4681,387,816,571,4501,2061,2695,2.84
27,9,2023-05-01,2023,5,69552,8363,3625,431,696,487,4515,2031,2646,2.49
27,9,2023-06-01,2023,6,65954,7915,3909,377,719,426,4270,1949,2617,2.53
27,9,2023-07-01,2023,7,61057,6588,3224,384,691,453,4066,1789,2375,2.13
27,9,2023-08-01,2023,8,58622,6666,3261,323,618,417,3715,1702,2317,2.13
27,9,2023-09-01,2023,9,60434,5917,3569,341,612,412,3965,1771,2344,2.15
27,9,2023-10-01,2023,10,64965,6385,3382,361,639,419,4295,1972,2578,2.14
27,9,2023-11-01,2023,11,61388,5603,3012,390,649,442,4029,1760,2350,1.92
27,9,2023-12-01,2023,12,65699,5626,3408,350,634,419,4330,1921,2504,2.06
27,9,2024-01-01,2024,1,70981,6013,3380,414,777,492,4588,2169,2772,2.14
27,9,2024-02-01,2024,2,68775,4929,3606,406,732,496,4642,2114,2735,2.08
27,9,2024-03-01,2024,3,73113,6022,3749,396,805,486,4950,2161,2822,2.27
27,9,2024-04-01,2024,4,68415,5767,3486,318,766,514,4598,2048,2658,2.14
27,9,2024-05-01,2024,5,66578,5740,3295,289,787,502,4452,1925,2595,2.08
27,9,2024-06-01,2024,6,66545,6519,3944,318,740,453,4445,1972,2535,2.38
27,9,2024-07-01,2024,7,63065,6318,3825,276,732,477,4300,1832,2435,2.32
27,9,2024-08-01,2024,8,61187,6689,3746,234,695,470,4033,1828,2476,2.33
27,9,2024-09-01,2024,9,60370,6563,3818,237,677,447,4000,1796,2278,2.33
27,9,2024-10-01,2024,10,62115,7321,4384,239,676,435,4055,1721,2387,2.62
27,9,2024-11-01,2024,11,61279,7053,4366,250,760,547,4017,1736,2372,2.61
27,9,2024-12-01,2024,12,67875,7882,4867,243,767,516,4511,1973,2578,2.88
27,9,2025-01-01,2025,1,70253,8322,5052,283,745,444,4577,2070,2725,2.99
27,9,2025-02-01,2025,2,72672,8233,5211,253,858,577,4698,2126,2800,3.07
27,9,2025-03-01,2025,3,70200,7676,4723,302,810,502,4552,2076,2732,2.82
27,9,2025-04-01,2025,4,71869,7256,4489,305,811,541,4677,2108,2755,2.69
27,9,2025-05-01,2025,5,68958,6610,4560,316,875,544,4527,1977,2655,2.65
27,9,2025-06-01,2025,6,66533,6460,4472,354,695,439,4268,1969,2539,2.55
27,9,2025-07-01,2025,7,62643,5495,4025,308,664,403,4059,1787,2430,2.27
27,9,2025-08-01,2025,8,64519,5361,3897,298,711,450,4273,1958,2483,2.22
28,10,2023-01-01,2023,1,147567,15758,10236,769,1671,1109,9573,4360,5665,5.98
28,10,2023-02-01,2023,2,151394,17304,10246,803,1570,994,9820,4473,5887,6.13
28,10,2023-03-01,2023,3,156968,18331,10743,849,1816,1140,10149,4522,6055,6.5
28,10,2023-04-01,2023,4,153095,18706,9782,849,1824,1164,9961,4540,5800,6.22
28,10,2023-05-01,2023,5,150995,18469,9653,861,1553,1043,9928,4459,5820,6.07
28,10,2023-06-01,2023,6,145572,17315,8464,849,1592,1044,9449,4248,5622,5.52
28,10,2023-07-01,2023,7,139263,15715,8291,858,1403,868,9098,4115,5435,5.21
28,10,2023-08-01,2023,8,134724,15126,7569,809,1437,958,8903,3949,5342,4.9
28,10,2023-09-01,2023,9,135050,14242,7486,806,1325,918,8851,3986,5212,4.73
28,10,2023-10-01,2023,10,135929,12761,6599,810,1454,921,8970,4032,5312,4.28
28,10,2023-11-01,2023,11,139484,12911,6905,826,1641,1024,9232,4110,5384,4.46
28,10,2023-12-01,2023,12,147605,12655,7126,852,1583,1010,9755,4391,5779,4.49
28,10,2024-01-01,2024,1,151759,12723,7218,843,1685,1056,10161,4538,5927,4.56
28,10,2024-02-01,2024,2,156362,12643,7716,828,1777,1200,10350,4579,6136,4.76
28,10,2024-03-01,2024,3,157527,13376,8156,804,1687,1105,10503,4672,6056,4.97
28,10,2024-04-01,2024,4,156935,13178,8267,774,1604,1037,10378,4580,6155,4.96
28,10,2024-05-01,2024,5,153530,13078,8463,705,1758,1138,10283,4539,5998,5.06
28,10,2024-06-01,2024,6,148443,14093,8497,670,1576,1041,9777,4397,5717,5.14
28,10,2024-07-01,2024,7,142364,14843,8434,592,1572,1044,9378,4149,5543,5.21
28,10,2024-08-01,2024,8,138251,15102,8850,606,1546,1005,9053,4092,5272,5.38
28,10,2024-09-01,2024,9,134740,15286,8851,572,1609,1068,8777,3943,5253,5.42
28,10,2024-10-01,2024,10,138126,15791,9286,548,1582,1065,8955,4047,5330,5.63
28,10,2024-11-01,2024,11,141700,16906,9670,558,1572,1020,9221,4131,5447,5.89
28,10,2024-12-01,2024,12,150177,17959,10058,589,1747,1179,9787,4470,5733,6.21
28,10,2025-01-01,2025,1,153091,17880,10548,613,1636,1043,9910,4492,5888,6.33
28,10,2025-02-01,2025,2,158998,17470,11242,682,1586,1007,10479,4670,6140,6.51
28,10,2025-03-01,2025,3,158416,17185,10667,618,1835,1188,10339,4689,6173,6.35
28,10,2025-04-01,2025,4,163275,16681,10735,715,1651,1039,10728,4787,6288,6.25
28,10,2025-05-01,2025,5,156288,14897,10274,727,1672,1115,10270,4570,6134,5.89
28,10,2025-06-01,2025,6,148917,13678,9718,703,1639,1022,9843,4394,5744,5.53
28,10,2025-07-01,2025,7,146304,11955,9174,707,1492,965,9682,4305,5672,5.1
28,10,2025-08-01,2025,8,140625,11273,8311,710,1521,992,9270,4152,5533,4.72
29,10,2023-01-01,2023,1,41812,4799,2770,218,409,268,2725,1246,1653,1.67
29,10,2023-02-01,2023,2,44728,5051,3213,247,506,347,3020,1344,1667,1.88
29,10,2023-03-01,2023,3,46629,5932,3058,249,512,346,2988,1348,1841,1.94
29,10,2023-04-01,2023,4,44380,5136,2632,282,541,345,2902,1307,1662,1.7
29,10,2023-05-01,2023,5,44732,5743,2740,230,457,301,2784,1308,1687,1.79
29,10,2023-06-01,2023,6,41895,4470,2180,254,445,294,2838,1223,1577,1.43
29,10,2023-07-01,2023,7,38371,4533,2863,251,397,252,2474,1141,1463,1.67
29,10,2023-08-01,2023,8,37124,4221,1943,179,386,256,2443,1140,1461,1.3
29,10,2023-09-01,2023,9,38155,4126,2214,222,374,253,2438,1077,1578,1.38
29,10,2023-10-01,2023,10,39571,3489,2181,231,413,248,2629,1131,1487,1.31
29,10,2023-11-01,2023,11,42237,3919,1985,262,436,318,2816,1241,1664,1.3
29,10,2023-12-01,2023,12,41429,3001,2240,268,429,261,2763,1209,1640,1.27
29,10,2024-01-01,2024,1,43463,3112,2220,212,433,293,2915,1282,1651,1.28
29,10,2024-02-01,2024,2,45216,3321,2737,250,502,289,2922,1346,1740,1.51
29,10,2024-03-01,2024,3,44707,3767,1952,242,454,314,3040,1275,1725,1.27
29,10,2024-04-01,2024,4,45016,3907,2378,227,478,315,3063,1343,1760,1.45
29,10,2024-05-01,2024,5,46448,4250,2884,211,523,352,3011,1376,1804,1.68
29,10,2024-06-01,2024,6,42350,3906,2725,191,511,305,2700,1235,1630,1.57
29,10,2024-07-01,2024,7,41935,4662,2307,203,459,284,2755,1281,1700,1.5
29,10,2024-08-01,2024,8,41083,4645,2796,184,364,231,2741,1199,1646,1.65
29,10,2024-09-01,2024,9,37581,4364,2486,208,399,255,2391,1034,1414,1.51
29,10,2024-10-01,2024,10,41033,4871,3074,145,514,328,2740,1204,1543,1.82
29,10,2024-11-01,2024,11,39293,4667,2730,158,430,283,2636,1182,1515,1.65
29,10,2024-12-01,2024,12,43623,5346,2671,168,433,286,2822,1279,1669,1.71
29,10,2025-01-01,2025,1,44588,5270,3154,179,402,231,2858,1298,1714,1.86
29,10,2025-02-01,2025,2,48074,5437,3361,205,477,286,3239,1385,1878,1.97
29,10,2025-03-01,2025,3,45507,5265,3209,215,552,337,3055,1319,1699,1.92
29,10,2025-04-01,2025,4,43998,4447,3292,189,485,316,2894,1345,1673,1.83
29,10,2025-05-01,2025,5,43055,3897,2895,210,496,324,2848,1212,1613,1.63
29,10,2025-06-01,2025,6,42924,3723,2928,217,502,343,2860,1228,1694,1.62
29,10,2025-07-01,2025,7,42185,3334,2486,213,548,356,2835,1283,1631,1.44
29,10,2025-08-01,2025,8,42168,3902,2614,214,501,338,2802,1130,1643,1.54
30,10,2023-01-01,2023,1,132396,14267,9200,712,1479,938,8663,3874,5018,5.38
30,10,2023-02-01,2023,2,131860,14572,8998,704,1451,970,8619,3862,5104,5.34
30,10,2023-03-01,2023,3,134110,16083,8675,759,1460,916,8731,3988,5132,5.4
30,10,2023-04-01,2023,4,134369,16308,8709,815,1666,1097,8728,3863,5208,5.51
30,10,2023-05-01,2023,5,129816,15426,7988,775,1526,997,8417,3819,4994,5.11
30,10,2023-06-01,2023,6,127300,15114,7777,744,1363,869,8289,3759,4990,4.95
30,10,2023-07-01,2023,7,122585,13860,7410,771,1329,855,7911,3691,4671,4.66
30,10,2023-08-01,2023,8,117491,12956,6402,725,1393,905,7714,3455,4595,4.22
30,10,2023-09-01,2023,9,117460,11378,6074,721,1234,798,7615,3437,4556,3.86
30,10,2023-10-01,2023,10,116377,11059,6286,707,1379,860,7754,3384,4449,3.94
30,10,2023-11-01,2023,11,119430,11069,6188,678,1256,849,7912,3506,4656,3.88
30,10,2023-12-01,2023,12,126997,10614,6196,719,1514,990,8355,3846,4954,3.9
30,10,2024-01-01,2024,1,131035,11033,6833,688,1305,807,8667,3863,5091,4.11
30,10,2024-02-01,2024,2,138552,11340,6758,740,1564,1007,9253,4062,5430,4.2
30,10,2024-03-01,2024,3,136117,11130,7048,677,1489,966,9070,3988,5353,4.25
30,10,2024-04-01,2024,4,138619,11752,7695,691,1414,921,9289,4064,5437,4.53
30,10,2024-05-01,2024,5,133389,12048,7248,633,1562,1027,8885,4008,5159,4.46
30,10,2024-06-01,2024,6,129541,12235,7620,585,1316,835,8526,3766,4999,4.53
30,10,2024-07-01,2024,7,123345,12541,7629,558,1383,910,8018,3642,4828,4.59
30,10,2024-08-01,2024,8,122930,13683,7663,525,1459,923,7998,3649,4799,4.76
30,10,2024-09-01,2024,9,119692,13814,7547,496,1399,898,7764,3585,4523,4.72
30,10,2024-10-01,2024,10,121979,14667,8047,476,1329,853,7987,3585,4728,4.98
30,10,2024-11-01,2024,11,124539,14742,8644,492,1289,858,8190,3673,4823,5.19
30,10,2024-12-01,2024,12,131156,15577,9076,502,1483,965,8399,3860,5043,5.49
30,10,2025-01-01,2025,1,135766,16160,9625,549,1589,1048,8906,4032,5252,5.79
30,10,2025-02-01,2025,2,138013,15860,9798,619,1634,1083,9069,4061,5377,5.83
30,10,2025-03-01,2025,3,141248,15819,9243,557,1403,891,9200,4131,5488,5.56
30,10,2025-04-01,2025,4,140549,14290,9603,637,1554,1024,9174,4116,5418,5.55
30,10,2025-05-01,2025,5,135012,12014,9126,617,1547,987,9032,3951,5214,5.1
30,10,2025-06-01,2025,6,133175,11811,8274,637,1588,1040,8744,3924,5108,4.79
30,10,2025-07-01,2025,7,128344,11146,7643,620,1299,854,8596,3808,4978,4.41
30,10,2025-08-01,2025,8,127158,10535,7560,638,1423,931,8439,3801,4991,4.34
